รหัสโครงการ,ชื่อโครงการ(Draft),งบประมาณโครงการ,เลขที่สัญญา,วันที่เซ็นสัญญา,วันที่เริ่มสัญญา,วันที่สิ้นสุดสัญญา,วันที่สิ้นสุดประกัน,สถานะโครงการ
AR68-0033,HW กรมกิจการผู้สูงอายุ งบ69,"$1,900,000.00 ",,,,,,นำเสนอ/ติดตาม
AR68-0025,AR68-0025_ลิขสิทธิ์การใช้งาน 69 สอน,$0.00 ,,,,,,นำเสนอ/ติดตาม
AR68-0040,Business Intelligence กสอ,$0.00 ,,,,,,นำเสนอ/ติดตาม
AR67-0034,HW ครุภํณฑ์คอมพิวเตอร์ที่มีราคาต่อหน่วยต่ำกว่า 1 ล้านบาท สอน,"$559,700.00 ",,,,,,นำเสนอ/ติดตาม
SA68-0030,HW-NAS Storage Synology,"$70,000.00 ",,,,,,ได้งาน/เซ็นสัญญาแล้ว
CC67-0022,จ้างเหมาบริการจัดการโครงการ Government Information Network (GIN) พร้อมจัดทำรายงาน สำหรับสำนักงานพัฒนารัฐบาลดิจิทัล (องค์การมหาชน),"$1,920,000.00 ",ใบสั่งจ้างเลขที่ 3600006737,11/10/2024 0:00,01/10/2024 0:00,30/09/2025 0:00,,ได้งาน/เซ็นสัญญาแล้ว
AR68-0005,MA_Network สผ,"$1,997,000.00 ",Mar-68,17/10/2024 0:00,01/10/2024 0:00,30/09/2025 0:00,,ได้งาน/เซ็นสัญญาแล้ว
AR68-0032,HW PC ประมวลผลแบบที่ 1 จำนวน 1 เครื่อง สอน,"$44,200.00 ",,,,,,นำเสนอ/ติดตาม
AP68-0021,กล้องลานจอดรถ จุฬา,"$243,746.00 ", อว 64.12/1564,27/03/2025 0:00,28/03/2025 0:00,26/05/2025 0:00,,ได้งาน/เซ็นสัญญาแล้ว
SA67-0055,Dev_Security สมช ปี68,"$30,000,000.00 ",,,,,,นำเสนอ/ติดตาม
AR67-0016,Dev ระบบยื่นคำขอใบอนุญาตทำเหมืองแร่ (ประทานบัตร) กพร,"$8,000,000.00 ",,,,,,นำเสนอ/ติดตาม
AR67-0106,HDD สผ,$0.00 ,,,,,,นำเสนอ/ติดตาม
PJ67-0037,ทำมาตรฐานข้อมูลระบบชีวสารสนเทศเพื่อพัฒนา,"$106,000.00 ",ใบสั่งจ้างเลขที่ ศสส.จ35/67,14/03/2024 0:00,15/03/2024 0:00,13/04/2024 0:00,,ได้งาน/เซ็นสัญญาแล้ว
AP68-0040,adapter surfacepro7+,"$8,645.00 ",อว 64.12/1997,24/04/2025 0:00,25/04/2025 0:00,23/05/2025 0:00,,ได้งาน/เซ็นสัญญาแล้ว
AR67-0035,Dev ระบบฐานข้อมูลองค์ความรู้ดิจิทัล,"$1,050,000.00 ",,,,,,นำเสนอ/ติดตาม
AR68-0007,ปรับปรุงเครือข่าย สผ 69,$0.00 ,,,,,,นำเสนอ/ติดตาม
CC67-0019,งานจ้างเหมาบริการระบบบริหารจัดการและควบคุมดูแลระบบเครือข่ายโทรคมนาคม สำหรับ MUDA Platform สำหรับให้บริการแก่ บริษัท พีทีที ดิจิตอล โซลูชั่น จำกัด จำนวน 1 งาน ,"$1,914,500.00 ",ใบสั่งจ้างเลขที่ 360006785,13/11/2024 0:00,01/11/2024 0:00,30/09/2027 0:00,,ได้งาน/เซ็นสัญญาแล้ว
SA67-0002,Rent - PC 105 set งบปี 68 3 เดือน ตค-ธค 67,"$407,925.00 ",ใบสั่งซื้อเลขที่ 12/68,09/10/2024 0:00,01/10/2024 0:00,31/12/2024 0:00,,ได้งาน/เซ็นสัญญาแล้ว
SA67-0036,Dev- บริหารจัดการระบบเว็บท่า (Web Portal) งบปี 68,"$15,379,000.00 ",AIT680106/01,27/11/2024 0:00,27/11/2024 0:00,25/03/2025 0:00,,ได้งาน/เซ็นสัญญาแล้ว
PJ67-0010,ปรับปรุงสายสัญญาณเครือข่าย ปี68,$0.00 ,,,,,,นำเสนอ/ติดตาม
AR67-0007,HW ของบ 68 กสอ,"$10,600,000.00 ",,,,,,นำเสนอ/ติดตาม
SA67-0012,HW-PC ICT SU,"$2,287,400.00 ",ICT4/2567,23/07/2024 0:00,24/08/2024 0:00,22/09/2024 0:00,22/09/2025 0:00,ได้งาน/เซ็นสัญญาแล้ว
NT68-0012,งาน พ่อบ้าน ,$0.00 ,,,,,,ได้งาน
AR67-0015,Dev ระบบยื่นคำขอใบอนุญาตสำรวจแร่ (อาชญาบัตร) กพร,"$4,000,000.00 ",,,,,,นำเสนอ/ติดตาม
PJ67-0060,External 3 unit,"$11,074.50 ",ใบสั่งซื้อเลขที่ 109/2567 ,10/07/2024 0:00,11/07/2024 0:00,10/08/2024 0:00,,ได้งาน/เซ็นสัญญาแล้ว
PJ67-0112,ปรับปรุงฐานข้อมูลองค์ความรู้ด้านข้าว,"$499,000.00 ",ใบสั่งจ้างเลขที่ ศสส.จ18/68,02/12/2024 0:00,03/12/2024 0:00,16/01/2025 0:00,,ได้งาน/เซ็นสัญญาแล้ว
AR67-0038,HW WAF สผ,"$1,497,000.00 ",48/2567,25/09/2024 0:00,26/09/2024 0:00,22/01/2025 0:00,,จบงาน/ช่วงรับประกัน
AP68-0099,ห้องประชุม สป,$0.00 ,,,,,,นำเสนอ/ติดตาม
SA68-0029,HW-AIO,"$500,000.00 ",,,,,,นำเสนอ/ติดตาม
SA67-0067,HW-CCTV ปั๊ม ปตท,"$6,955.00 ",SA67-0067,12/12/2024 0:00,12/12/2024 0:00,15/12/2024 0:00,,ได้งาน/เซ็นสัญญาแล้ว
SJ67-0010,สัญญาจ้างปรับปรุงระบบรายงานการนำเข้า-ส่งออกสินค้าเกษตรตามพันธกรณีความตกลงระหว่างประเทศ (DFT-TRQ Report) ประจำปีงบประมาณ พ.ศ.2568  ,"$1,045,000.00 ",48/2568,28/05/2025 0:00,29/05/2025 0:00,23/01/2026 0:00,,ได้งาน/เซ็นสัญญาแล้ว
SJ67-0071,Dev_MA จ้างบำรุงรักษาระบบงานการให้บริการออกหนังสือสำคัญการส่งออก-นำเข้าสินค้า ด้วยระบบลายมือชื่ออิเล็กทรอนิกส์ (Digital Signature) ประจำปีงบประมาณ พ.ศ. 2568 ,"$1,000,000.00 ",สัญญาเลขที่ 8/2568,11/10/2024 0:00,01/10/2024 0:00,30/09/2024 0:00,,ได้งาน/เซ็นสัญญาแล้ว
AR68-0044,HW iot OCSB,$0.00 ,,,,,,นำเสนอ/ติดตาม
PJ67-0079,วัสดุ 3 รายการ,"$7,383.00 ",ใบสั่งซื้อเลขที่ พอ.157/2567,29/08/2024 0:00,30/08/2024 0:00,29/09/2024 0:00,,ได้งาน/เซ็นสัญญาแล้ว
NT68-0010,งานซ่อมบำรุงอาคารสถานที่ (ไฟฟ้า ประปา),$0.00 ,,,,,,ได้งาน
AP67-0070, Adobe Creative Cloud สิงหา,"$51,360.00 ",,,,,,ได้งาน/เซ็นสัญญาแล้ว
NP67-0006,ซื้อครุภัณฑ์ 3 รายการ,"$24,999.99 ",011/67,20/09/2024 0:00,21/09/2024 0:00,18/10/2024 0:00,,จบงาน/ช่วงรับประกัน
AR67-0084,HW Tablet + Storage สผ,"$565,000.00 ",46/2567,16/09/2024 0:00,17/09/2024 0:00,16/10/2024 0:00,,จบงาน/ช่วงรับประกัน
SA68-0035,HW- หมึกพิมพ์ Brother TN-2560 TONER ,"$5,136.00 ",ใบสั่งซื้อเลขที่ 467/68,16/06/2025 0:00,17/06/2025 0:00,31/07/2025 0:00,,ได้งาน/เซ็นสัญญาแล้ว
PJ67-0003,MA Network 68,"$2,492,000.00 ",ศสส.สจ1/68,28/10/2024 0:00,29/10/2024 0:00,28/10/2025 0:00,,ได้งาน/เซ็นสัญญาแล้ว
SJ67-0077,Dev_บำรุงรักษาระบบบริหารจัดการการให้บริการข้อมูลการนำเข้าส่งออกภายใต้ NSW และความตกลงทางการค้า (e-Report) ประจำปีงบปะมาณ พ.ศ. 2568,"$250,000.00 ",13/2567,17/10/2024 0:00,01/10/2024 0:00,30/09/2025 0:00,,ได้งาน/เซ็นสัญญาแล้ว
AR68-0041,HW HDD lenovo สผ,"$332,000.00 ",,,,,,นำเสนอ/ติดตาม
AR68-0049,เช่าเครืองสแกนเนอร์ สอน,"$300,000.00 ",18/68,23/04/2025 0:00,23/04/2025 0:00,31/10/2025 0:00,,ได้งาน/เซ็นสัญญาแล้ว
AR67-0006,AR67-0006_HW ของบ 68 สอน,"$26,331,000.00 ",,,,,,นำเสนอ/ติดตาม
AR67-0028,HW ปรุบปรุงระบบเครือข่าย สผ 68,$0.00 ,,,,,,นำเสนอ/ติดตาม
AP67-0051,การพัฒนาระบบฐานข้อมูลสมาชิกและระบบลงลายมือชื่ออิเล็กทรอนิกส์สำหรับการลงนามสัญญา  ,"$4,990,000.00 ",67000490,23/09/2024 0:00,24/09/2024 0:00,23/09/2025 0:00,22/09/2026 0:00,ได้งาน/เซ็นสัญญาแล้ว
AP67-0033,MA ทหารผ่านศึก,"$470,000.00 ",,,,,,งานช่วย
CC67-0094,ค่าบริการตรวจเช็๋คเครื่องกำเนิดไฟฟ้า ,"$500,000.00 ",ใบสั่งซื้อเลขที่ TTLPO10030505,19/03/2025 0:00,19/03/2025 0:00,18/04/2025 0:00,,ได้งาน/เซ็นสัญญาแล้ว
PJ67-0038,กล้องวงจรปิด 8 unit เพิ่มเติม,"$90,000.00 ",,,,,,นำเสนอ/ติดตาม
SA68-0014,HW-ภาระงานประจำ-2 งบปี 69,"$7,000,000.00 ",,,,,,นำเสนอ/ติดตาม
SA68-0007,DEV-งผลรายงานสำหรับผู้บริหาร (Data Visualization) งบปี 69,"$86,000,000.00 ",,,,,,นำเสนอ/ติดตาม
AR68-0053,ที่ปรึกษา IT TPQI,$0.00 ,,,,,,นำเสนอ/ติดตาม
AR68-0016,AR68-0016_Dev NSW กพร ของบ,$0.00 ,,,,,,นำเสนอ/ติดตาม
SJ67-0055,MA_บำรุงรักษาและซ่อมบำรุงศูนย์คอมพิวเตอร์แม่ข่ายและระบบเครือข่ายสำนักงานศาลรัฐธรรมนูญ ประจำปีงบประมาณ พ.ศ. 2568 ,"$3,260,000.00 ",13/2568,21/11/2024 0:00,21/11/2024 0:00,20/11/2025 0:00,,ได้งาน/เซ็นสัญญาแล้ว
SA67-0001,Rent-PC 210 set งบปี 68 1 เดือน ตค 67,"$271,950.00 ",Jun-68,09/10/2024 0:00,09/10/2024 0:00,31/10/2024 0:00,,ได้งาน/เซ็นสัญญาแล้ว
CC67-0089,บำรุงรักษาเครื่องสำรองไฟฟ้าขนาด 10 KVA ศูนย์ฝนหลวงหัวหิน,"$120,000.00 ",ใบสั่งซื้อเลขที่ TTLPO10030504,19/03/2025 0:00,01/10/2024 0:00,30/09/2025 0:00,,ได้งาน/เซ็นสัญญาแล้ว
AR67-0055,ซื้อครุภัณฑ์ 67 ผส,"$2,940,000.00 ",Nov-67,15/07/2024 0:00,16/07/2024 0:00,16/09/2024 0:00,,จบงาน/ช่วงรับประกัน
SA68-0039,HW- Power Supply,$0.00 ,,,,,,นำเสนอ/ติดตาม
SA68-0031,SW- Elementor งบปี 69,"$21,935.00 ",,,,,,นำเสนอ/ติดตาม
AP68-0072,ซื้อ Adobe,$0.00 ,,,,,,นำเสนอ/ติดตาม
AP67-0063,ติดตั้งกล้อง 8 ตัว อาชีวรามอินทรา,"$499,000.00 ",ใบสั่งจ้างเลขที่ 21/2567,12/07/2024 0:00,13/07/2024 0:00,19/07/2024 0:00,,จบงาน/ช่วงรับประกัน
SA67-0046,จ้างเหมาบริการโครงการพัฒนายกระดับระบบงานติดตามผู้สำเร็จการศึกษาอาชีวศึกษา ,"$1,196,500.00 ",21/2567,27/09/2024 0:00,28/09/2024 0:00,26/11/2024 0:00,,ได้งาน/เซ็นสัญญาแล้ว
PJ67-0050,จ้างเหมาซ่อมแซมเครื่องใช้และอุปกรณ์สำนักงาน ,"$28,569.00 ",ใบสั่งจ้างเลขที่ 177/2567,09/07/2024 0:00,09/07/2024 0:00,08/08/2024 0:00,,ได้งาน/เซ็นสัญญาแล้ว
NT68-0007,งานช่วยลูกค้า,$0.00 ,,,,,,ได้งาน
CC67-0055,จ้างเหมาระบบบริหารจัดการเครือข่ายอินเทอร์เน็ตและเครือข่าย VPN กรมชลประทาน ปีงบประมาณ 2568,"$7,100,000.00 ",ใบสั่งจ้างเลขที่ 3600006734,11/10/2024 0:00,01/10/2024 0:00,30/09/2025 0:00,,ได้งาน/เซ็นสัญญาแล้ว
AR68-0011,AP กสอ 69,"$4,506,000.00 ",,,,,,นำเสนอ/ติดตาม
PJ67-0065,ซ่อม UPS 5 unit,"$4,012.50 ",ใบเสนอราคา PJ67-0065,03/07/2024 0:00,03/07/2024 0:00,02/08/2024 0:00,,ได้งาน/เซ็นสัญญาแล้ว
CC67-0012,จ้างซ่อมเครื่องคอมพิวเตอร์,"$3,500.00 ",ใบเสนอราคา CC67-0012,21/08/2024 0:00,22/08/2024 0:00,29/08/2024 0:00,,ได้งาน/เซ็นสัญญาแล้ว
PJ67-0007,ระบบติดตามเชิงพื้นที่ 68,$0.00 ,,,,,,นำเสนอ/ติดตาม
SA67-0018,HW-AccessControl สำนักดิจิทัลเทคโนโลยี ,"$188,373.50 ",3296000215,19/08/2024 0:00,20/08/2024 0:00,20/11/2024 0:00,,ได้งาน/เซ็นสัญญาแล้ว
AR68-0002,MA_ระบบออกใบอนุญาตประกอบโรงงาน Auto กรอ,"$450,000.00 ",Aug-68,11/11/2024 0:00,01/10/2024 0:00,30/09/2025 0:00,,ได้งาน/เซ็นสัญญาแล้ว
AR68-0022,AR68-0022_Dev พัฒนาระบบฐานข้อมูลเฟส3 69 สอน,$0.00 ,,,,,,นำเสนอ/ติดตาม
CC67-0006,เช่าบริการระบบการประชุมผ่านสื่ออิเล็กทรอนิกส์,"$468,791.96 ",ใบสั่งเช่าเลขที่ ศสช.1/2568,21/10/2024 0:00,01/10/2024 0:00,30/09/2025 0:00,,ได้งาน/เซ็นสัญญาแล้ว
DT68-0004,งานอบรม/สัมนาภายในบริษัทฯ,$0.00 ,,,,,,ได้งาน
CC67-0093,โครงการจ้างปรับปรุงระบบเครือข่ายคอมพิวเตอร์ห้องศูนย์ข้อมูลสารสนเทศและการสื่อสารฯ และห้องประชุม ชั้น 6 สำนักงานกองทุนฟื้นฟูและพัฒนาเกษตรกร,"$242,355.00 ",35/2567,17/05/2024 0:00,18/05/2024 0:00,16/06/2024 0:00,,ได้งาน/เซ็นสัญญาแล้ว
AP67-0022,DLTV6,"$9,000,000.00 ",,,,,,นำเสนอ/ติดตาม
SA67-0052,Dev_บริหารจัดการมาตรฐานการจัดเก็บข้อมูล ,"$49,179,800.00 ",,,,,,นำเสนอ/ติดตาม
AR67-0024,HW Ram สอน,"$68,480.00 ",,,,,,นำเสนอ/ติดตาม
PJ67-0041,กล้องวงจรปิด 420 unit,$0.00 ,,,,,,นำเสนอ/ติดตาม
PJ67-0087,ซื้อวัสดุคอมพิวเตอร์ จำนวน 3 รายการ,"$3,691.50 ",ใบสั่งซื้อเลชที่ พอ.176/2567,05/09/2024 0:00,06/09/2024 0:00,05/10/2024 0:00,,ได้งาน/เซ็นสัญญาแล้ว
PJ67-0044,ต่อประกัน Fortinet 2 รายการ,"$149,800.00 ",ใบสั่งซื้อเลขที่ PO24030328,26/03/2024 0:00,26/03/2024 0:00,25/04/2024 0:00,,ได้งาน/เซ็นสัญญาแล้ว
PJ67-0063,ปรับปรุงข้อมูลคำแนะนำนำการผลิตข้าวเป็นพืชหลัก,"$450,000.00 ",ใบสั่งจ้างเลขที่ ศสส.จ1/68,02/10/2024 0:00,03/10/2024 0:00,01/11/2024 0:00,,ได้งาน/เซ็นสัญญาแล้ว
SA68-0022,HW-Config HCI,"$26,750.00 ",,,,,,นำเสนอ/ติดตาม
AP68-0095,SSO บม,"$480,000.00 ",,,,,,นำเสนอ/ติดตาม
AR67-0100,HW Fortiweb SIEM สอน,$0.00 ,,,,,,นำเสนอ/ติดตาม
AR68-0069,ครุภัณฑ์คอมพิวเตอร์ 68 กรอ,$0.00 ,,,,,,นำเสนอ/ติดตาม
AP67-0045,DEV-โครงการพัฒนายกระดับระบบงานติดตามผู้สำเร็จการศึกษาอาชีวศึกษา ปี 67,"$5,391,800.00 ",25/2567,08/08/2024 0:00,09/08/2024 0:00,06/11/2024 0:00,,จบงาน/ช่วงรับประกัน
AR68-0023,HW ห้อง Data center สผ,"$37,000,000.00 ",,,,,,นำเสนอ/ติดตาม
AP68-0016,MA ระบบสารเคมี,"$112,500.00 ",ใบสั่งจ้างเลขที่ 28/2568,24/12/2024 0:00,25/12/2024 0:00,25/09/2025 0:00,,ได้งาน/เซ็นสัญญาแล้ว
AR68-0046,HW Storage สผ,$0.00 ,,,,,,นำเสนอ/ติดตาม
NP68-0005,ซื้อเครื่องปรับอากาศ,$0.00 ,,,,,,นำเสนอ/ติดตาม
SA67-0040,Rent - PC 120 set งบปี 68 เดือน มค-กย 68,"$1,600,560.00 ",9/งป.2568,27/12/2024 0:00,01/01/2025 0:00,30/09/2025 0:00,,ได้งาน/เซ็นสัญญาแล้ว
AR67-0026,MA ระบบใบอนุญาตนำเข้า ส่งออกน้ำตาลทราย ปี 67,"$800,000.00 ",,,,,,นำเสนอ/ติดตาม
TP67-0002,HW-อุปกรณ์รักษาความปลอดภัย Firewall ,"$1,130,000.00 ",30/2567,06/06/2024 0:00,07/06/2024 0:00,06/10/2024 0:00,,ได้งาน/เซ็นสัญญาแล้ว
PJ67-0040,License Mcafee,"$112,671.00 ",ใบสั่งซื้อเลขที่ PO24020363,29/02/2024 0:00,29/02/2024 0:00,25/03/2024 0:00,,ได้งาน/เซ็นสัญญาแล้ว
AR67-0111,จ้างซ่อมแซมเครื่องพิมพ์ จำนวน 1 เครื่อง,"$8,500.00 ",ส.56/2568,24/03/2025 0:00,25/03/2025 0:00,23/04/2025 0:00,,ได้งาน/เซ็นสัญญาแล้ว
AP68-0010,คอม 6M,$0.00 ,,,,,,นำเสนอ/ติดตาม
AR68-0027,ISO_สผ 69,"$4,500,000.00 ",,,,,,นำเสนอ/ติดตาม
CC67-0086,โครงการจัดหาระบบสารสนเทศ เพื่อการทำงานการจัดการด้านบัญชี การเงิน พัสดุ งบประมาณ เพื่อการบริหารองค์กร (ระบบ ERP),"$50,000,000.00 ",,,,,,นำเสนอ/ติดตาม
SA68-0003,HW-(นำร่อง) 5 จังหวัดชายแดนภาคใต้ งบปี 69,"$88,000,000.00 ",,,,,,นำเสนอ/ติดตาม
CC67-0079,จ้างซ่อมแซมปรับปรุงโครงข่ายสายสัญญาณและอุปกรณ์โครงข่ายอินเทอร์เน็ต ,"$56,710.00 ",ใบสั่งที่ 237/2567,21/08/2024 0:00,21/08/2024 0:00,20/10/2024 0:00,,ได้งาน/เซ็นสัญญาแล้ว
PJ67-0018,MA Firewall huawaii 68,$0.00 ,,,,,,นำเสนอ/ติดตาม
SA67-0050,HW-Hard Disk Server,"$75,435.00 ",3266000095,27/12/2024 0:00,28/12/2024 0:00,14/02/2025 0:00,,ได้งาน/เซ็นสัญญาแล้ว
NP68-0008,งานจ้างโครงการปรับปรุงและพัฒนาศูนย์บริการฯ (PESO ระยะ3),"$14,418,400.00 ",,,,,,งานช่วย
SA68-0034,HW- IP Phone กองกิจการ,"$6,000.00 ",,,,,,นำเสนอ/ติดตาม
PJ67-0104,ซ่อม Notebook,"$4,494.00 ",,,,,,ได้งาน/เซ็นสัญญาแล้ว
PJ67-0056,จ้างบำรุงรักษาและปรับปรุงประสิทธิภาพคอมพิวเตอร์ จำนวน 9 เครื่อง โครงการระบบติดตามเฝ้าระวังระดับน้ำบาดาลและคุณภาพน้ำบาดาลทั่วประเทศ ประจำปีงบประมาณ พ.ศ.2567,"$41,879.80 ",ใบสั่งจ้างเลขที่ 591/2567,22/08/2024 0:00,23/08/2024 0:00,21/09/2024 0:00,,ได้งาน/เซ็นสัญญาแล้ว
PJ67-0055,วัสดุคอมพิวเตอร์ 3 รายการ,"$17,976.00 ",ใบสั่งซื้อเลขที่ พอ.094/2567,17/06/2024 0:00,17/06/2024 0:00,17/07/2024 0:00,,ได้งาน/เซ็นสัญญาแล้ว
AP68-0011,ฉลาก,"$7,000,000.00 ",,,,,,นำเสนอ/ติดตาม
AR67-0073,HW_HDD SSD กสอ,"$3,500.00 ",DIT-2024-0073,18/07/2024 0:00,19/07/2024 0:00,19/09/2024 0:00,,ได้งาน
AR67-0010,HW ของบ 68 (Server) ผส กรมผู้สูงอายุ,"$387,000.00 ",,,,,,นำเสนอ/ติดตาม
AR67-0011,MA ลิขสิทธิ์ สอน 68,"$3,558,000.00 ",,,,,,นำเสนอ/ติดตาม
SA68-0028,"HW-TV 50""","$133,536.00 ",,,,,,นำเสนอ/ติดตาม
PJ67-0129,พัฒนาแบบจำลองและออกแบบข้อมูลต้นแบบ,"$499,000.00 ",ใบสั่งจ้างเลขที่ ศสส.จ58/68,01/04/2025 0:00,02/04/2025 0:00,01/05/2025 0:00,,ได้งาน/เซ็นสัญญาแล้ว
PJ67-0021,งานทดสอบและเชื่อมโยงข้อมูล,$0.00 ,ใบสั่งจ้างเลขที่ ศสส.จ51/67,16/05/2024 0:00,17/05/2024 0:00,15/06/2024 0:00,,ได้งาน/เซ็นสัญญาแล้ว
KT67-0001,ค่าใช้จ่ายเชื่อมโยงข้อมูลระหว่าง 6 โรงงาน ผ่าน Server ของบริษัทฯ ที่ตั้งอยู่ที่ CAT IDC และ ค่าดูแล และสนันสนุนการใช้งานระบบ,"$513,600.00 ",KT67-0001,14/05/2024 0:00,01/07/2024 0:00,30/06/2025 0:00,,ได้งาน/เซ็นสัญญาแล้ว
AP67-0040,ระบบ PDF,$0.00 ,,,,,,นำเสนอ/ติดตาม
AR68-0031,Dev_เชื่อม API กับใบอนุญาตน้ำตาล มิตรผล,"$870,000.00 ",,,,,,นำเสนอ/ติดตาม
PJ67-0071,ซ่อม Printer 1 unit,"$12,840.00 ",ใบสั่งจ้างเลขที่ 193/2567,23/07/2024 0:00,23/07/2024 0:00,22/08/2024 0:00,,ได้งาน/เซ็นสัญญาแล้ว
PJ67-0014,ครุภัณฑ์คอมพิวเตอร์ 68,"$9,870,000.00 ",ศสส.สซ2/68,03/02/2025 0:00,04/02/2025 0:00,03/07/2025 0:00,,ได้งาน/เซ็นสัญญาแล้ว
CC67-0003,เครื่องกำเนิดไฟฟ้า 650KVA,"$120,000.00 ",,,,,,นำเสนอ/ติดตาม
SA68-0036,HW- Scanner,"$20,800.00 ",,,,,,นำเสนอ/ติดตาม
AP67-0007,ปรับปรุงระบบฝึกอบรม,$0.00 ,,,,,,นำเสนอ/ติดตาม
PJ67-0101,UPS Rack Mount Server,"$81,855.00 ",ใบสั่งซื้อเลขที่ PO24090223,26/09/2024 0:00,26/09/2024 0:00,25/11/2024 0:00,,ได้งาน/เซ็นสัญญาแล้ว
PJ67-0116,ซ่อมPrinter 1 unit,"$6,206.00 ",ใบสั่งจ้างเลขที่ 36/2568,20/11/2024 0:00,21/11/2024 0:00,20/12/2024 0:00,,ได้งาน/เซ็นสัญญาแล้ว
SJ67-0070,Dev_บำรุงรักษาระบบรับสมัครกิจกรรมส่งเสริมการค้าระหว่างประเทศแบบครบวงจร ปีงบประมาณ 2567,"$330,000.00 ",ใบสั่งจ้างเลขที่ 361/67,31/05/2024 0:00,01/06/2024 0:00,30/09/2024 0:00,,ได้งาน/เซ็นสัญญาแล้ว
PJ67-0013,สัญญาซื้อขายครุภัณฑ์คอมพิวเตอร์และอุปกรณ์ต่อพ่วงเพื่อเพิ่มประสิทธิภาพการปฏิบัติงานของกรมการข้าว แขวงลาดยาว เขตจตุจักร กรุงเทพมหานคร จำนวน 1 ชุด,"$16,827,300.00 ",ศสส.สซ3/68,03/02/2025 0:00,04/02/2025 0:00,03/07/2025 0:00,,ได้งาน/เซ็นสัญญาแล้ว
NP68-0010,PC Dell,"$33,705.00 ",PO-TPY-2025-06-001,16/06/2025 0:00,16/06/2025 0:00,15/07/2025 0:00,,ได้งาน/เซ็นสัญญาแล้ว
PJ67-0108,Data warehouse,$0.00 ,,,,,,นำเสนอ/ติดตาม
PJ67-0016,งบบูรณาการ,$0.00 ,,,,,,นำเสนอ/ติดตาม
SA68-0005,DEV-ระบบงานทะเบียนวัดผลนักเรียนนักศึกษา ระดับ ปวช. ปวส.งบปี 69,"$40,000,000.00 ",,,,,,นำเสนอ/ติดตาม
AR68-0070,HCI DC+DR ศาล,"$22,000,000.00 ",,,,,,นำเสนอ/ติดตาม
SA67-0005,MW-Firewall ปลายปี 67,"$29,425.00 ",SA67-0005,18/09/2024 0:00,18/09/2024 0:00,03/10/2024 0:00,,ได้งาน/เซ็นสัญญาแล้ว
PJ67-0077,ครุภัณฑ์ภัณฑ์ห้องประชุม,"$2,980,000.00 ",ศสส.สซ2/67,26/09/2024 0:00,26/09/2024 0:00,25/12/2024 0:00,,ได้งาน/เซ็นสัญญาแล้ว
AP67-0043,ติดตั้งกล้องห้องตรวจข้อสอบ,"$99,820.30 ",ใบสั่งซื้อเลขที่ อว.64.12/2823,19/06/2024 0:00,19/06/2024 0:00,18/08/2024 0:00,,จบงาน/ช่วงรับประกัน
AR68-0057,HW DC&DR-site  งบ68 ศาล,$0.00 ,,,,,,นำเสนอ/ติดตาม
AP68-0097,MA SPO SPB,"$564,000.00 ",,,,,,นำเสนอ/ติดตาม
CC67-0024,สัญญาจ้างโครงการพัฒนาระบบจดหมายอิล็กทรอนิกส์ (E-Mail Server),"$2,590,000.00 ",13/2568,11/11/2024 0:00,12/11/2024 0:00,11/03/2025 0:00,,จบงาน/ช่วงรับประกัน
PJ67-0073,อุปกรณ์เน็ตเวิร์ค 5 รายการ,"$70,500.00 ",ใบสั่งซื้อเลขที่ พอ.171/2567,29/08/2024 0:00,30/08/2024 0:00,29/09/2024 0:00,,ได้งาน/เซ็นสัญญาแล้ว
PJ68-0030,วัสดุคอมพิวเตอร์ 2 รายการ,"$6,955.00 ",ใบสั่งซื้อเลขที่ พอ.101/2568,30/05/2025 0:00,01/06/2025 0:00,15/07/2025 0:00,,ได้งาน/เซ็นสัญญาแล้ว
DT68-0006,งานบริหารจัดการตามนโยบายบริษัทฯ,$0.00 ,,,,,,ได้งาน
AR68-0014,UPS 69 กสอ,$0.00 ,,,,,,นำเสนอ/ติดตาม
AP68-0024,MA FortiGate-100E,"$69,550.00 ",ใบสั่งซื้อเลขที่ 40/2568,31/01/2025 0:00,01/02/2025 0:00,20/02/2025 0:00,,ได้งาน/เซ็นสัญญาแล้ว
SA68-0025,HW-Firewall Fortigate 40F,"$9,630.00 ",SA68-0025,02/03/2025 0:00,02/03/2025 0:00,31/03/2025 0:00,,ได้งาน/เซ็นสัญญาแล้ว
AR67-0037,HW ซ่อมปริ้นเตอร์ กสอ P455d ฝบท.สล.ศส13-002-0119-61 (Dit 0028),"$7,500.00 ",,,,,,นำเสนอ/ติดตาม
AR68-0024,AR68-0024_Data center 69 สอน,$0.00 ,,,,,,นำเสนอ/ติดตาม
CC67-0119,งานเดินสาย Lan สำหรับต่อหัว IP Phone,"$99,500.00 ",ใบสั่งจ้างเลขที่ 1/25637,14/08/2024 0:00,14/08/2024 0:00,31/08/2024 0:00,,ได้งาน/เซ็นสัญญาแล้ว
AR68-0010,งบประมาณ 69 (security) สผ,$0.00 ,,,,,,นำเสนอ/ติดตาม
AR68-0062,HW ชั้น 1 ห้องสืบค้นฯ ม.สุวรรณภูมิ,$0.00 ,,,,,,นำเสนอ/ติดตาม
AP67-0014,Fondue ,$0.00 ,,,,,,นำเสนอ/ติดตาม
AR67-0080,HW เดินสายปรับปรุงห้องไฟ ผส,$0.00 ,,,,,,นำเสนอ/ติดตาม
PJ67-0031,ถ่ายทอดองค์ความรู้เทคโนโลยีหารผลิตข้าว,$0.00 ,,,,,,นำเสนอ/ติดตาม
TP67-0014,จัดซื้อกล้องวงจรปิดและอุปกรณ์มหาวิทยาลัยศิลปากรวังท่าพระสาขาวิชาIDM,"$120,000.00 ",,,,,,นำเสนอ/ติดตาม
AR68-0059,HW ศูนย์นวัตกรรมการเรียนรู้ดิจิทัลชั้น4 ม.สุวรรณภูมิ,$0.00 ,,,,,,นำเสนอ/ติดตาม
NT68-0002,ขายของให้พนักงาน,$0.00 ,,,,,,ได้งาน
AP67-0006,single data,"$38,000,000.00 ",,,,,,นำเสนอ/ติดตาม
SA68-0016,Rent - PC 250 set ปี 69,"$4,446,000.00 ",,,,,,นำเสนอ/ติดตาม
CC67-0033,งานจ้างเหมาบริการระบบบริหารจัดการและควบคุมดูแลระบบเครือข่าย Internet/Intranet สำหรับให้บริการแก่ การยางแห่งประเทศไทย ,"$3,450,000.00 ",ใบสั่งจ้างเลขที่ 3600006735,11/10/2024 0:00,01/10/2024 0:00,30/09/2025 0:00,,ได้งาน/เซ็นสัญญาแล้ว
AP67-0044,DEV-MAศธ.02 งบปี67,"$27,534,400.00 ",26/2567,08/08/2024 0:00,09/08/2024 0:00,06/11/2024 0:00,,จบงาน/ช่วงรับประกัน
PJ67-0042,จัดการผลผลิตของเกษตรกรผู้ปลูกธัญพืชเมืองหนาวด้วยการเชื่อมโยงตลาด,$0.00 ,,,,,,นำเสนอ/ติดตาม
SA68-0012,DEV-เทคโนโลยีดิจิทัลและเทคโนโลยีปัญญาประดิษฐ์ (AI)  งบปี 69,"$80,000,000.00 ",,,,,,นำเสนอ/ติดตาม
CC67-0036,จ้างบริการระบบบริหารจัดการเครือข่ายอินเทอร์เน็ต สำหรับให้บริการแก่การท่องเที่ยวแห่งประเทศไทย (ททท.) สำนักงานสาขา,"$3,204,000.00 ",ใบสั่งจ้างเลขที่ 3600006753,31/10/2024 0:00,01/10/2024 0:00,30/09/2025 0:00,,ได้งาน/เซ็นสัญญาแล้ว
SA68-0011,HW-พัฒนาระบบ Online Cyber งบปี 69,"$50,000,000.00 ",,,,,,นำเสนอ/ติดตาม
PJ67-0005,Link NT (กรมประชาสัมพันธ์),$0.00 ,,,,,,นำเสนอ/ติดตาม
TP67-0006,สำนักงานทรัพยากรน้ำแห่งชาติ,$0.00 ,,,,,,นำเสนอ/ติดตาม
CC68-0020,ติดตั้งกล้อง CCTV ตู้ Telemedicine,$0.00 ,,,,,,นำเสนอ/ติดตาม
CC67-0014,ซื้อ Batterry Notebook HP,"$3,000.00 ",CC67-0014,12/12/2024 0:00,12/12/2024 0:00,13/02/2025 0:00,,ได้งาน/เซ็นสัญญาแล้ว
SA67-0053,HW- งานผลิตสื่ออาชีว ปี 68,"$85,638,400.00 ",,,,,,นำเสนอ/ติดตาม
PJ67-0002,MA Network 68,"$1,990,000.00 ",Jan-68,10/10/2024 0:00,01/10/2024 0:00,30/09/2025 0:00,,ได้งาน/เซ็นสัญญาแล้ว
CC68-0088,จ้างเหมาระบบรักษาความปลอดภัยระบบเครือข่าย สำหรับให้บริการแก่ สำนักงานคณะกรรมการกำกับกิจการพลังงาน  ,"$780,000.00 ",ใบสั่งซื้อเลขที่ 3600007181 (พกง.3),14/05/2025 0:00,15/05/2025 0:00,14/05/2026 0:00,,ได้งาน/เซ็นสัญญาแล้ว
AR67-0025,HW Smart withe board ผส,"$600,000.00 ",,,,,,นำเสนอ/ติดตาม
TP67-0016,Window Server ,"$73,830.00 ",PO 2567-08-001,20/08/2024 0:00,27/08/2024 0:00,02/10/2024 0:00,28/08/2024 0:00,ได้งาน/เซ็นสัญญาแล้ว
AR67-0102,AR67-0102 ปตท ซื้อ Lic,$0.00 ,,,,,,นำเสนอ/ติดตาม
PJ67-0012,ครุภัณฑ์คอมพิวเตอร์ 68,$0.00 ,,,,,,นำเสนอ/ติดตาม
CC67-0099,สัญญาซื้อโครงการอุปกรณ์ระบบบูรณาการข้อมูลสถานีเรดาร์ฝนหลวงเคลื่อนที่ 2 แห่ง จำนวน 2 ชุด และสถานีเรดาร์ฝนหลวงประจำที่ 1 แห่ง จำนวน 1 ชุด,"$13,200,000.00 ",คภ.ฝล.9/2567,09/05/2024 0:00,10/05/2024 0:00,09/08/2024 0:00,,ได้งาน/เซ็นสัญญาแล้ว
CC68-0012,ซื้ออุปกรณ์เชื่อมต่ออินเตอร์เน็ต,"$7,276.00 ",ใบสั่งซื้อเลขที่ PO16803/0005,31/03/2025 0:00,01/04/2025 0:00,30/04/2025 0:00,,ได้งาน/เซ็นสัญญาแล้ว
KT68-0001,ค่าใช้จ่ายเชื่อมโยงข้อมูลระหว่าง 1 โรงงาน ผ่าน Server ของบริษัทฯ ที่ตั้งอยู่ที่ CAT IDC และ ค่าดูแล และสนันสนุนการใช้งานระบบ หนองคาย,"$44,940.00 ",KT68-0001,03/01/2025 0:00,01/01/2025 0:00,30/06/2025 0:00,,ได้งาน/เซ็นสัญญาแล้ว
AR67-0072,HW_อะไหล่เครื่องปริ้นเตอร์ กสอ DIT-2024-0072_ซื้ออะไหล่ปริ้นเตอร์ (AR67-0072),$0.00 ,,,,,,นำเสนอ/ติดตาม
SJ68-0001,Dev_จ้างดำเนินการกิจกรรมการปรับปรุงข้อมูลและเงื่อนไขระบบรับสมัครโครงการส่งเสริมและเพิ่มศักยภาพของผู้ประกอบการขนาดกลางและขนาดย่อม ปีงบประมาณ 2568 ภายใต้โครงการส่งเสริมและเพิ่มศักยภาพของผู้ประกอบการขนาดกลางและขนาดย่อม  (SME Pro-active),"$500,000.00 ",ใบสั่งจ้างเลขที่ 124/68,24/02/2025 0:00,24/02/2025 0:00,30/09/2025 0:00,,ได้งาน/เซ็นสัญญาแล้ว
PJ67-0111,ครุภัณฑ์คอม 5 รายการ,"$416,600.00 ",78/2568,28/02/2025 0:00,01/03/2025 0:00,29/05/2025 0:00,,ได้งาน/เซ็นสัญญาแล้ว
AR68-0008,ครุภัณฑ์คอมพิวเตอร์ 68 กสอ,$0.00 ,,,,,,นำเสนอ/ติดตาม
AR67-0103,HW อุปกรณ์ประชุมทางไกล กสอ 69,$0.00 ,,,,,,นำเสนอ/ติดตาม
AP68-0030,จ้างเหมาจัดหาโปรแกรม Adobe Creative Cloud จำนวน 1 Unit,"$51,360.00 ",ใบสั่งจ้างเลขที่ 68-102,18/04/2025 0:00,19/04/2025 0:00,03/05/2025 0:00,,ได้งาน/เซ็นสัญญาแล้ว
PJ67-0090,ซ่อม ups 1 unit,"$1,016.50 ",ใบเสนอราคาเลขที่ PJ67-0090,13/08/2024 0:00,14/08/2024 0:00,13/09/2024 0:00,,ได้งาน/เซ็นสัญญาแล้ว
AR68-0004,MA_Network+PC สอน,"$2,004,500.00 ",,,,,,นำเสนอ/ติดตาม
PJ67-0011,พัฒนาระบบไปรษณี Mail 68,$0.00 ,,,,,,นำเสนอ/ติดตาม
AR67-0022,HW ซ่อม sever กสอ,"$53,500.00 ",,,,,,นำเสนอ/ติดตาม
AP67-0062,เครื่องสแกนบาร์โค้ด จุฬา 2 Unit,"$5,564.00 ",ใบสั่งซื้อเลขที่ อว64.12/3847,16/08/2024 0:00,16/08/2024 0:00,15/09/2024 0:00,,จบงาน/ช่วงรับประกัน
AP68-0070,นำเข้าข้อมูล,$0.00 ,,,,,,นำเสนอ/ติดตาม
AP67-0023,ติดตั้งกล้องจุฬา 13 Unit,"$199,997.98 ",ใบสั่งซื้อเลขที่ อว64.12/1206,13/03/2024 0:00,14/03/2024 0:00,12/04/2024 0:00,,จบงาน/ช่วงรับประกัน
DT68-0001,ใช้ในสำนักงาน,$0.00 ,,,,,,ได้งาน
PJ67-0125,จัดซื้ออุปกรณ์พร้อมเพิ่มประสิทธิภาพการตรวจวัด จัดเก็บ และประมวลผลข้อมูลสถานการณ์น้ำบาดาล,"$140,000,000.00 ",,,,,,นำเสนอ/ติดตาม
AR68-0028,ลิขสิทธิ์การใช้งาน69 กรอ,"$101,850.00 ",,,,,,นำเสนอ/ติดตาม
SA68-0018,Link - NEdNet ปี 69,"$13,619,100.00 ",,,,,,นำเสนอ/ติดตาม
AR67-0065,HW ซ่อมปริ้นเตอร์ Fuji Xerox CP315dw ศล 13-002-0020-61 (DIT-2024-0065),$0.00 ,,,,,,นำเสนอ/ติดตาม
AR67-0047,HW หมึก Cannon lbp674cx สอน,$0.00 ,,,,,,นำเสนอ/ติดตาม
AR67-0098,เครื่องคอมพิวเตอร์แบบตั้งโต๊ะพร้อมชุดโปรแกรม จำนวน 3 ชุด และคอมพิวเตอร์โน้ตบุ๊คสำหรับประมวลผล พร้อมชุดโปรแกรม จำนวน 3 ชุด ,"$265,200.00 ",ใบสั่งซื้อเลขที่ 74/67,27/09/2024 0:00,28/09/2024 0:00,26/12/2024 0:00,,จบงาน/ช่วงรับประกัน
AR67-0049,HW ซ่อมServer สอน,$0.00 ,,,,,,นำเสนอ/ติดตาม
PJ67-0062,จัดทำฐานข้อมูลธัญพืชเมืองหนาว ,"$350,000.00 ",ศสส.จ22/68,13/12/2024 0:00,14/12/2024 0:00,12/01/2025 0:00,,ได้งาน/เซ็นสัญญาแล้ว
AR68-0015,Security กสอ XDR,$0.00 ,,,,,,นำเสนอ/ติดตาม
PJ68-0031,กล้อง Webcam และชุดหูฟังพร้อมไมโครโฟนสำหรับคอมพิวเตอร์ ,"$16,392.40 ",ใบสั่งซื้อเลขที่ สอป.005/2568 ,27/05/2025 0:00,01/06/2025 0:00,15/07/2025 0:00,,ได้งาน/เซ็นสัญญาแล้ว
PJ68-0008,ซ่อม printer 1 unit,"$4,066.00 ",,,,,,นำเสนอ/ติดตาม
TP67-0009,กล้องวงจรปิดพร้อมอุปกรณ์ของอาคารหอประชุมมหาวิทยาลัยศิลปากร(วังท่าพระ),"$293,180.00 ",,,,,,นำเสนอ/ติดตาม
SA67-0056,Dev-งานติดตาม+ภาษาจีน ปี68,"$30,000,000.00 ",,,,,,นำเสนอ/ติดตาม
PJ67-0096,โครงการจัดหาเครื่องพิมพ์ (Printer) ทดแทนของเดิม ประจำปีงบประมาณ พ.ศ.2568,"$242,000.00 ",ใบสั่งซื้อเลขที่ 71/2568 ,09/06/2025 0:00,10/06/2025 0:00,07/09/2025 0:00,,ได้งาน/เซ็นสัญญาแล้ว
AP67-0003,กล้องวงจรปิด ไชยยศ 2,"$483,019.40 ",ใบสั่งซื้อเลขที่ อว.64.12/2291,23/05/2024 0:00,24/05/2024 0:00,23/08/2024 0:00,,จบงาน/ช่วงรับประกัน
AR67-0032,HW ครุภัณฑ์ ศริราช,$0.00 ,,,,,,นำเสนอ/ติดตาม
SJ67-0074,Dev_MA จ้างโครงการบำรุงรักษาระบบรับสมัครกิจกรรมกรมส่งเสริมการค้าระหว่างประเทศแบบครบวงจร ปีงบประมาณ 2567 ด้วยวิธีประกวดราคาอิเล็กทรอนิกส์ (e-bidding),"$1,415,000.00 ",14/2568,24/10/2024 0:00,24/10/2024 0:00,30/09/2025 0:00,,ได้งาน/เซ็นสัญญาแล้ว
NP68-0009,จ้างการพัฒนาแพลตฟอร์มภาคธุรกิจเชื่อมโยงฯ,"$6,498,600.00 ",,,,,,งานช่วย
PJ67-0124,จ้างเหมาจัดทำฐานข้อมูลการระบาดของโรคและแมลงศัตรูข้าวและการปลดปล่อยก๊าซเรือนกระจกให้อยู่ในรูปแบบเชิงพื้นที่,"$99,500.00 ",ใบสั่งจ้างเลขที่ ศสส.จ20/68,11/12/2024 0:00,12/12/2024 0:00,18/12/2024 0:00,,ได้งาน/เซ็นสัญญาแล้ว
SJ67-0002,Dev_พัฒนาระบบ Single DB Phase2,"$8,000,000.00 ",,,,,,นำเสนอ/ติดตาม
AP68-0071,งานจอ จุฬา,$0.00 ,,,,,,นำเสนอ/ติดตาม
PJ67-0046,วัสดุคอมพิวเตอร์ จำนวน 1 รายการ,"$1,819.00 ",ใบสั่งซื้อเลขที่ พอ.066/2567,23/04/2024 0:00,25/04/2024 0:00,15/05/2024 0:00,,ได้งาน/เซ็นสัญญาแล้ว
CC68-0011,ซื้ออุปกรณ์เลือกสลับสัญญาณภาพ,"$27,500.00 ",ใบสั่งซื้อเลขที่ PO16803/0006,31/03/2025 0:00,01/04/2025 0:00,30/04/2025 0:00,,ได้งาน/เซ็นสัญญาแล้ว
AP67-0042,กล้อง 5 ตัวห้องประชุม,"$90,201.00 ",KQ2024050015,21/05/2024 0:00,21/05/2024 0:00,30/06/2024 0:00,,จบงาน/ช่วงรับประกัน
PJ67-0008,ปรับปรุงระบบเครือข่าย ปี68,$0.00 ,,,,,,นำเสนอ/ติดตาม
AP67-0050,เครื่องสแกนใบหน้า,"$42,051.00 ",ใบสั่งซื้อเลขที่ อว.64.12/2732,13/06/2024 0:00,13/06/2024 0:00,12/07/2024 0:00,,จบงาน/ช่วงรับประกัน
AP68-0093,นำเข้าข้อมูล 69,"$7,260,000.00 ",,,,,,นำเสนอ/ติดตาม
AR68-0018,MA ระบบบริการ กพร 68,"$670,000.00 ",35/2568,07/03/2025 0:00,08/03/2025 0:00,03/10/2025 0:00,,ได้งาน/เซ็นสัญญาแล้ว
NT68-0004,งานอบรม/สัมนาภายในบริษัทฯ,$0.00 ,,,,,,ได้งาน
PJ67-0109,ครุภัณฑ์คอม 68,$0.00 ,,,,,,นำเสนอ/ติดตาม
AP68-0023,จัดซื้อชุด podcast,$0.00 ,,,,,,นำเสนอ/ติดตาม
SJ67-0023,Dev_จ้างพัฒนาปรับปรุงระบบการรับสมัครกิจกรรมงานแสดงสินค้าอัญมณีและเครื่องประดับ สำหรับลูกค้าต่างประเทศ จำนวน 1 งาน ,"$500,000.00 ",ใบสั่งจ้างเลขที่ C066/2567,03/09/2024 0:00,04/09/2024 0:00,31/01/2025 0:00,,ได้งาน/เซ็นสัญญาแล้ว
AR67-0030,Dev พัฒนาแพลตฟอร์ม ธุรกิจที่เป็นมิตรกับผู้สูงอายุ ผส,"$4,500,000.00 ",,,,,,นำเสนอ/ติดตาม
AR67-0077,HW_SQL,$0.00 ,,,,,,นำเสนอ/ติดตาม
AR67-0021,Dev โครงการพัฒนาแพลตฟอร์มยื่นคำขอใบอนุญาตดิจิทัล กพร,"$17,000,000.00 ",,,,,,นำเสนอ/ติดตาม
AP67-0036,ระบบ conference ห้องประชุม CAT,$0.00 ,,,,,,นำเสนอ/ติดตาม
AP67-0020,PC20 Unit,"$484,000.00 ",ใบสั่งจ้างเลขที่ สช.บช.122/2567,20/09/2024 0:00,21/09/2024 0:00,29/12/2024 0:00,,จบงาน/ช่วงรับประกัน
DT68-0010,งานซ่อมบำรุงอาคารสถานที่ (ไฟฟ้า ประปา),$0.00 ,,,,,,ได้งาน
AR67-0081,HW Printer สผ,$0.00 ,,,,,,นำเสนอ/ติดตาม
SJ67-0079,HW_ห้องประชุม ราชมงคลสุวรรณภมูิ,$0.00 ,,,,,,นำเสนอ/ติดตาม
CC67-0013,จ้างเหมาปรับปรุงระบบสายสัญญาณและสายไฟฟ้าห้องศูนย์ปฏิบัติการเครือข่ายกรมส่งเสริมการเกษตร,"$495,000.00 ",,,,,,นำเสนอ/ติดตาม
SJ67-0033,MA_บำรุงรักษาระบบ Call Center สายด่วน 1385 รองรับการอำนวยความสะดวกทาด้านข้อมูลการค้าต่างประเทศด้วยนวัตกรรมดิจิทัล ประจำปีงบประมาณ พ.ศ.2568,"$298,000.00 ",Oct-68,17/10/2024 0:00,01/10/2024 0:00,30/09/2025 0:00,,ได้งาน/เซ็นสัญญาแล้ว
SJ67-0085,MA_สัญญาจ้างบริการดูแลบำรุงรักษาจอ LED บริเวณด้านหน้าอาคารหอสมุดแห่งชาติ ,"$130,000.00 ",29/2568,31/10/2024 0:00,01/10/2024 0:00,30/09/2025 0:00,,ได้งาน/เซ็นสัญญาแล้ว
AR68-0012,งบประมาณ 69(HCI) สผ,$0.00 ,,,,,,นำเสนอ/ติดตาม
NP68-0001,การจัดซื้อวัสดุคอมพิวเตอร์ จำนวน 2 รายการ,"$77,810.40 ",314/2568,24/02/2025 0:00,25/02/2025 0:00,26/03/2025 0:00,,จบงาน/ช่วงรับประกัน
SA67-0048,HW-Wiring UTP&Test,"$41,590.90 ",3186000882,04/11/2024 0:00,05/11/2024 0:00,04/12/2024 0:00,,ได้งาน/เซ็นสัญญาแล้ว
AR68-0052,AR68-0052 MA บำรุงรักษาพร้อมต่อลิขสิทธิ์ระบบศูนย์ DRSite69 ศาล,$0.00 ,,,,,,นำเสนอ/ติดตาม
CC67-0015,จ้างบริการระบบบริหารจัดการเครือข่ายพร้อมอุปกรณ์ สำหรับให้บริการแก่ กรมสวัสดิการและคุ้มครองแรงงาน ,"$5,501,940.00 ",ใบสั่งจ้างเลขที่ 3600006769,11/12/2024 0:00,01/10/2024 0:00,30/09/2024 0:00,,ได้งาน/เซ็นสัญญาแล้ว
AP68-0101,เดินสาย 7 จุด,"$18,725.00 ",ใบสั่งจ้างเลขที่ อว64.12/2776,05/06/2025 0:00,05/06/2025 0:00,04/07/2025 0:00,,ได้งาน/เซ็นสัญญาแล้ว
SA68-0038,HW- PC 51 Set ICT SU,"$1,780,000.00 ",,,,,,นำเสนอ/ติดตาม
PJ67-0009,เพิ่มประสิทธิภาพโครงสร้างพื้นฐาน ปี68,"$43,500,000.00 ",68/2568,21/01/2025 0:00,21/01/2025 0:00,20/09/2025 0:00,,ได้งาน/เซ็นสัญญาแล้ว
AR68-0065,MA บำรุงรักษาระบบเครือข่าย 68 อคส,$0.00 ,,,,,,นำเสนอ/ติดตาม
AP68-0090,จ้างต่อลิขสิทธิ์อุปกรณ์รักษาความปลอดภัยและดูแลรักษาอุปกรณ์กระจายสัญญาณหลัก ,"$235,000.00 ",ใบสั่งจ้างเลขที่ 68-117,30/05/2025 0:00,31/05/2025 0:00,14/06/2025 0:00,,ได้งาน/เซ็นสัญญาแล้ว
SA68-0008,DEV-ระบบบริหารจัดการงานเอกสารและหนังสือราชการด้วยลายเซ็นดิจิทัล งบปี 69,"$66,000,000.00 ",,,,,,นำเสนอ/ติดตาม
AP68-0034,ปรับปรุงระบบบริหารสัญญาปี 68,"$490,000.00 ",ใบสั่งซื้อเลขที่ 4016800021,12/03/2025 0:00,14/03/2025 0:00,11/06/2025 0:00,,ได้งาน/เซ็นสัญญาแล้ว
PJ67-0130,วิเคราะห์และประเมินความถูกต้องสำหรับการวินิจฉัย,"$349,000.00 ",ใบสั่งจ้างเลขที่ ศสส.จ62/68,24/06/2025 0:00,25/06/2025 0:00,09/07/2025 0:00,,ได้งาน/เซ็นสัญญาแล้ว
AR68-0060,HW ศูนย์นวัตกรรมการเรียนรู้ดิจิทัล ชั้น5 ม.สุวรรณภูมิ,$0.00 ,,,,,,นำเสนอ/ติดตาม
AP67-0008,MA ระบบบริหารสัญญา 67,"$597,000.00 ",4106700060,08/05/2024 0:00,09/05/2024 0:00,08/05/2025 0:00,,ได้งาน/เซ็นสัญญาแล้ว
CC67-0083,บำรุงรักษาเครื่องสำรองไฟฟ้าขนาด 20 kVA ,"$120,000.00 ",CC67-0083,10/09/2024 0:00,10/09/2024 0:00,09/10/2024 0:00,,ได้งาน/เซ็นสัญญาแล้ว
AR67-0009,MA Iic กรอ 68,"$6,000.00 ",323/2568,30/04/2025 0:00,01/05/2025 0:00,01/05/2026 0:00,,ได้งาน/เซ็นสัญญาแล้ว
TP68-0009,โรงเรียนวัดหนองคา ราชบุรี ,"$150,000.00 ",,,,,,ได้งาน
SA68-0017,Rent - PC 120 set ปี 69,"$2,134,080.00 ",,,,,,นำเสนอ/ติดตาม
PJ67-0095,ซื้อคอมพิวเตอร์พร้อมเครื่องสำรองไฟ และเครื่องพิมพ์ จำนวน 5 ชุด,"$226,000.00 ",155/2567,12/09/2024 0:00,13/09/2024 0:00,12/09/2024 0:00,,ได้งาน/เซ็นสัญญาแล้ว
AR68-0064,HW ซื้อจัดซื้อ Firewall  Core Switch อคส,$0.00 ,,,,,,นำเสนอ/ติดตาม
SJ67-0035,HW-อุปกรณ์ WAP,$0.00 ,,,,,,นำเสนอ/ติดตาม
SA67-0054,Dev-Credit Bank ปี68,"$40,000,000.00 ",,,,,,นำเสนอ/ติดตาม
AR67-0068,HW_ซื้อครุภัณฑ์ สอน (กองทุน),"$4,080,000.00 ",Jan-67,30/09/2024 0:00,01/10/2024 0:00,30/12/2024 0:00,,จบงาน/ช่วงรับประกัน
SJ67-0072,Dev_บำรุงรักษาระบบเว็บไซต์กรมการค่าต่างประเทศ ประจำปีงบประมาณ พ.ศ. 2568,"$150,000.00 ",Nov-68,17/10/2024 0:00,01/10/2024 0:00,30/09/2025 0:00,,ได้งาน/เซ็นสัญญาแล้ว
NT68-0006,งานบริหารจัดการตามนโยบายบริษัทฯ,$0.00 ,,,,,,ได้งาน
CC67-0098,สัญญาจัดซื้อโครงการอุปกรณ์เพื่อพัฒนาระบบบริหารจัดการศูนย์แม่ข่ายกลางและศูนย์แม่ข่ายสำรอง แขวงลาดยาว เขตจตุจักร กรุงเทพมหานคร 1 ระบบ ,"$18,500,000.00 ",คภ.ฝล.8/2567,09/05/2024 0:00,10/05/2024 0:00,09/08/2024 0:00,,ได้งาน/เซ็นสัญญาแล้ว
AR68-0001,MA_ระบบออกใบอนุญาตประกอบโรงงาน DS กรอ,"$450,000.00 ",Jul-68,11/11/2024 0:00,01/10/2024 0:00,30/09/2025 0:00,,ได้งาน/เซ็นสัญญาแล้ว
CC68-0023,ติดตั้งกล้อง CCTV 5 ศูนย์,$0.00 ,,,,,,นำเสนอ/ติดตาม
CC67-0100,สัญญาโครงการอุปกรณ์ส่งสัญญาณทางไกล IOT เพื่อการบริหารจัดการข้อมูลสถานีตรวจวัดสภาพอากาศภาคพื้น แขวงลาดยาว เขตจตุจักร กรุงเทพมหานคร 1 ระบบ  ,"$48,760,000.00 ",คภ./ฝล.5/2568,27/12/2024 0:00,28/12/2024 0:00,25/06/2025 0:00,,ได้งาน/เซ็นสัญญาแล้ว
SA68-0032,HW-Network สป.ศธ ปี 69,"$74,504,000.00 ",,,,,,นำเสนอ/ติดตาม
CC67-0074,งานจ้างเหมาบริการระบบรักษาความปลอดภัยและเก็บข้อมูลจราจร ตาม พรบ.คอมพิวเตอร์ของศูนย์สำรองข้อมูล (DR Sites) สำหรับให้บริการแก่ สำนักงานกองทุนฟื้นฟูและพัฒนาเกษตรกร ,"$910,356.00 ",ใบสั่งจ้างเลขที่ 3600006761,30/10/2024 0:00,01/10/2024 0:00,30/09/2025 0:00,,ได้งาน/เซ็นสัญญาแล้ว
AR67-0043,HW ห้องประชุม ปตท บางปู,$0.00 ,,,,,,นำเสนอ/ติดตาม
CC68-0021,Smart AI CCTV,$0.00 ,,,,,,นำเสนอ/ติดตาม
AR68-0061,AR68-0061 HW ชั้น 1 ห้องประสานงานฯ-ดิจิตอล ม.สุวรรณภูมิ,$0.00 ,,,,,,นำเสนอ/ติดตาม
SJ67-0054,Dev_จ้างเหมาพัฒนาระบบบริการเอกสารจดหมายเหตุ,"$2,970,000.00 ",57/2568,19/12/2024 0:00,19/12/2024 0:00,15/09/2025 0:00,,ได้งาน/เซ็นสัญญาแล้ว
AR68-0037,Dev กรอ 3,$0.00 ,,,,,,นำเสนอ/ติดตาม
DT68-0007,งานช่วยลูกค้า,$0.00 ,,,,,,ได้งาน
TP67-0008,เครื่องสำรองไฟ(UPS),"$41,500.00 ",Quo-TP67-0008,23/04/2024 0:00,24/04/2024 0:00,24/04/2027 0:00,24/04/2027 0:00,ได้งาน/เซ็นสัญญาแล้ว
AR67-0064,งานจ้างซ่อมแซมเครื่องพิมพ์,"$8,500.00 ",41/2567,13/06/2024 0:00,14/06/2024 0:00,13/07/2024 0:00,,
AR68-0071,ซ่อมปริ้นเตอร์ กสอ,$0.00 ,,,,,,นำเสนอ/ติดตาม
NP68-0007,จ้างการพัฒนาระบบข้อมูลขนาดใหญ่ฯ (OCPB Big Data),"$14,434,600.00 ",,,,,,งานช่วย
AR68-0066,HW ปรับปรุงระบบเครือข่าย68 อคส,$0.00 ,,,,,,นำเสนอ/ติดตาม
AR68-0043,MA อุปกรณ์เครือข่าย 69  ผส,"$705,000.00 ",,,,,,นำเสนอ/ติดตาม
PJ67-0036,ข้อมูลเชิงพื้นที่ด้านเทคโนโลยีภูมิศาสตร์,"$150,000.00 ",ใบสั่งจ้างเลขที่ ศสส.จ17/68,14/11/2024 0:00,15/11/2024 0:00,29/11/2024 0:00,,ได้งาน/เซ็นสัญญาแล้ว
AP68-0015,ระบบควบตุมการเข้า-ออก,"$84,102.00 ",ใลสั่งซื้อเลขที่ อว 64.12/0960,19/02/2025 0:00,19/02/2025 0:00,21/03/2025 0:00,,ได้งาน/เซ็นสัญญาแล้ว
PJ67-0070,วัสดุคอม 7 รายการ,"$62,081.40 ",ใบสั่งซื้อเลขที่ พอ.127/2567,26/07/2024 0:00,27/07/2024 0:00,26/08/2024 0:00,,ได้งาน/เซ็นสัญญาแล้ว
AR68-0055,MA HCI 69 ศาล,"$2,600,000.00 ",,,,,,นำเสนอ/ติดตาม
PJ67-0093,เครื่องสำรองไฟ 2 uint,"$5,000.00 ",ใบสั่งซือเลขที่ พอ.208/2567,26/09/2024 0:00,27/09/2024 0:00,26/10/2024 0:00,,ได้งาน/เซ็นสัญญาแล้ว
SA68-0037,HW-PC 16 Set พัสดุ เพชรบุรี,"$377,000.00 ",,,,,,นำเสนอ/ติดตาม
DT68-0008,งานอื่นๆ,$0.00 ,,,,,,ได้งาน
AR68-0050,HW เช่าเครื่องtablet อคส,"$684,000.00 ",,,,,,นำเสนอ/ติดตาม
PJ67-0110,จอภายในอาคาร,$0.00 ,,,,,,นำเสนอ/ติดตาม
DT68-0012,งาน พ่อบ้าน ,$0.00 ,,,,,,ได้งาน
TP68-0011,บำรุงรักษากล้องวงจรปิดมศก.วังท่าพระ ,"$150,000.00 ",ใบสั่งจ้างเลขที่ 3116002736,18/04/2025 0:00,19/04/2025 0:00,18/05/2025 0:00,,ได้งาน/เซ็นสัญญาแล้ว
PJ67-0088,ครุภัณฑ์ 4 รายการ,"$35,200.00 ",ใบสั่งซื้อเลขที่ พอ.168/2567,02/09/2024 0:00,03/09/2024 0:00,03/10/2024 0:00,,ได้งาน/เซ็นสัญญาแล้ว
AR67-0054,เช่าเครื่องNB+Printer ปตท,$0.00 ,,,,,,นำเสนอ/ติดตาม
SJ67-0069,Dev_บำรุงรักษาระบบติดตามและประมวลผลการค้า,"$220,000.00 ",Dec-68,17/10/2024 0:00,01/10/2024 0:00,30/09/2025 0:00,,ได้งาน/เซ็นสัญญาแล้ว
PJ67-0025,งานเชื่อมโยงตลาดธัญพืชเมืองหนาว,$0.00 ,,,,,,นำเสนอ/ติดตาม
CC67-0005,งานจ้างเหมาจัดหาอุปกรณ์พร้อมระบบบริหารจัดการเครือข่ายสารสนเทศ สำหรับให้บริการแก่ กรมฝนหลวงและการบินเกษตร ,"$2,600,100.00 ",ใบสั่งจ้างเลขที่ 3600006729 ,11/10/2024 0:00,01/10/2024 0:00,30/09/2025 0:00,,ได้งาน/เซ็นสัญญาแล้ว
CC67-0007,จ้างเหมาปรับปรุง ระบบสายสัญญาณและสายไฟฟ้าห้องศูนย์ปฏิบัติการเครือข่ายกรมส่งเสริมการเกษตร,"$495,000.00 ",ใบสั่งจ้างเลขที่ ศสท.จ.32/2567,20/09/2024 0:00,21/09/2024 0:00,19/12/2024 0:00,,ได้งาน/เซ็นสัญญาแล้ว
CC67-0080,สัญญาจ้างเหมาบริการดูแลศูนย์ปฏิบัติการระบบเครือข่ายและการรักษาความมั่นคงไซเบอร์ ปี 2568,"$6,095,000.00 ",ศสท.สจ.1/2568,05/11/2024 0:00,01/10/2024 0:00,30/09/2025 0:00,,ได้งาน/เซ็นสัญญาแล้ว
AP67-0068,MA Network / PC สคบ 68,"$1,900,000.00 ",,,,,,นำเสนอ/ติดตาม
SA67-0063,HW-UTP อาคารอักษร 2,"$29,425.00 ",3186000904,03/12/2024 0:00,03/12/2024 0:00,04/01/2025 0:00,,ได้งาน/เซ็นสัญญาแล้ว
AP68-0080,จ้างเหมานำเข้าข้อมูลเอกสารจดหมายเหตุลงในระบบจัดเก็บเอกสารจดหมายเหตุ,"$1,145,750.00 ",79/2568,26/02/2025 0:00,27/02/2025 0:00,25/08/2025 0:00,,ได้งาน/เซ็นสัญญาแล้ว
DT68-0009,MIS,$0.00 ,,,,,,ได้งาน
AR67-0027,HW ระบบกำกับโรงงานอุตสาหกรรมเชิงรุก กรอ,"$21,345,000.00 ",,,,,,นำเสนอ/ติดตาม
AR68-0019,Switch กสอ 69,$0.00 ,,,,,,นำเสนอ/ติดตาม
SA68-0010,HW-การเรียนรู้อาชีวศึกษาทุกที่ทุกเวลา งบปี69,"$90,000,000.00 ",,,,,,นำเสนอ/ติดตาม
AR67-0019,โครงการปรับปรุงระบบบริหารงานภานใน กพร,"$3,500,000.00 ",,,,,,นำเสนอ/ติดตาม
AR67-0051,HW WAF กสอ (ของบเหลือจ่าย),$0.00 ,,,,,,นำเสนอ/ติดตาม
AR67-0012,ระบบฐานข้อมูลเพื่อการบริหารจัดการน้ำตาลทรายในสินค้าส่งออก ระยะ 2,"$6,430,000.00 ",กอต.06/04/2568,27/01/2025 0:00,28/01/2025 0:00,23/11/2025 0:00,,ได้งาน/เซ็นสัญญาแล้ว
SA68-0004,DEV-บริการเอกสารสำคัญทางการศึกษาแบบดิจิทัล (Digital Transcript) งบปี 69,"$70,000,000.00 ",,,,,,นำเสนอ/ติดตาม
AR68-0051,MA ระบบห้องประชุมวินิจฉัย 69 ศาล,$0.00 ,,,,,,นำเสนอ/ติดตาม
AR68-0054,MA Internet 69 ศาล,"$2,800,000.00 ",,,,,,นำเสนอ/ติดตาม
AR68-0068,Rent เช่าเครือข่าย สผ 68,"$2,400,000.00 ",,,,,,นำเสนอ/ติดตาม
AR67-0078,HW Server พี่นัน,$0.00 ,,,,,,นำเสนอ/ติดตาม
PJ67-0061,ปรับปรุงข้อมูลโครงสร้างและมาตรฐานข้อมูลบุคลากรในการลงเวลาปฏิบัติงาน,"$198,700.00 ",ศสส.จ73/67,17/07/2024 0:00,18/07/2024 0:00,16/08/2024 0:00,,ได้งาน/เซ็นสัญญาแล้ว
AR67-0020,AR67-0020_HW ครุภัณฑ์คอมพิวเตอร์ 68 กสอ,$0.00 ,,,,,,นำเสนอ/ติดตาม
CC67-0034,จัดจ้างใช้บริการอินเทอร์เน็ตความเร็วสูง สำหรับให้บริการแก่ สำนักเลขาธิการนายกรัฐมนตรี (สลน.) ระยะเวลาตั้งแต่วันที่ 1 ตุลาคม 2567 ถึงวันที่ 30 กันยายน 2568,"$77,040.00 ",ใบสั่งจ้างเลขที่ 3600006732,01/10/2024 0:00,01/10/2024 0:00,30/09/2025 0:00,,ได้งาน/เซ็นสัญญาแล้ว
SJ67-0063,MA_จ้างบำรุงรักษาระบบเทคโนโลยีสารสนเทศอาหารสัตว์ ตำบลบางกะดี อำเภอเมืองปทุมธานี จังหวัดปทุมธานี (ระยะที่ 1) ปีงบประมาณ 2568  ,"$218,100.00 ",สอส.10/2568,29/10/2024 0:00,01/11/2024 0:00,31/03/2025 0:00,,ได้งาน/เซ็นสัญญาแล้ว
DT68-0003,งานอบรม/สัมนาภายนอกบริษัทฯ,$0.00 ,,,,,,ได้งาน
PJ67-0066,ครุภัณฑ์คอม 2 รายการ,"$110,531.40 ",ใบสั่งซื้อเลขที่ พอ.175/2567,02/09/2024 0:00,03/09/2024 0:00,03/10/2024 0:00,,ได้งาน/เซ็นสัญญาแล้ว
SA68-0006,MA Dev-ระบบงานทะเบียนวัดผลนักศึกษา ระดับปริญญาตรีสาย งบปี 69,"$85,000,000.00 ",,,,,,นำเสนอ/ติดตาม
AP68-0033,Network อาชีวะ ปี68 44M,"$44,000,000.00 ",,,,,,นำเสนอ/ติดตาม
PJ68-0017,การจ้างเหมาถ่ายทอดองค์ความรู้เทคโนโลยีการผลิตข้าวภายใต้การเปลี่ยนแปลงสภาพภูมิอากาศในรูปแบบสื่อวีดิทัศน์  ,"$149,300.00 ",ใบสั่งจ้างเลขที่ ศสส.จ40/68,07/03/2025 0:00,07/03/2025 0:00,14/03/2025 0:00,,ได้งาน/เซ็นสัญญาแล้ว
AP67-0015,MA ระบบคอมพิวเตอร์และระบบสารสนเทศ 68,"$7,500,000.00 ",,,,,,งานช่วย
NT68-0009,MIS,$0.00 ,,,,,,ได้งาน
SA67-0062,HW-Multi Function,"$10,000.00 ",ใบสั่งซื้อเลขที่ 24/68,29/11/2024 0:00,30/11/2024 0:00,15/01/2025 0:00,,ได้งาน/เซ็นสัญญาแล้ว
AP67-0010,บำรุงรักษาระบบงานการให้บริการ ปีงบประมาณ ๒๕๖๗,$0.00 ,,,,,,งานช่วย
DT68-0002,ขายของให้พนักงาน,$0.00 ,,,,,,ได้งาน
SA68-0033,HW-ป้องกันแผงวงจรอิเล็กทรอนิกส์ ,"$498,200.00 ",ใบสั่งจ้างเลขที่ 15/2568,11/04/2025 0:00,11/04/2025 0:00,23/04/2025 0:00,,ได้งาน/เซ็นสัญญาแล้ว
SA67-0064,HW-Upgrade HDD Server,"$160,500.00 ",680169,04/02/2025 0:00,05/02/2025 0:00,16/05/2025 0:00,,ได้งาน/เซ็นสัญญาแล้ว
SA67-0006,MA_Warranty APC Smart UPS RT 10000VA  กลุ่มบริษัท ไทยอีสเทิร์น  ต้นปี 67,"$146,590.00 ",POD2402-0112,12/02/2024 0:00,05/02/2024 0:00,04/02/2025 0:00,,ได้งาน/เซ็นสัญญาแล้ว
NP67-0005,เช่า Zoom 1 ปี,"$99,986.15 ",ศสส.ช3/68,29/10/2024 0:00,01/11/2024 0:00,30/09/2025 0:00,,ได้งาน/เซ็นสัญญาแล้ว
SA67-0058,HW-MA Network 3 ปี ไฟฟ้าราชบุรี,"$2,536,542.00 ",PO.680086,17/01/2025 0:00,01/01/2025 0:00,31/12/2027 0:00,30/12/1930 0:00,ได้งาน/เซ็นสัญญาแล้ว
SA67-0021,HW-Wiring & AP กองกิจการ,"$193,295.50 ",3110002573,15/05/2024 0:00,16/05/2024 0:00,16/07/2024 0:00,,ได้งาน/เซ็นสัญญาแล้ว
PJ67-0017,Data warehouse,$0.00 ,,,,,,นำเสนอ/ติดตาม
NT68-0003,งานอบรม/สัมนาภายนอกบริษัทฯ,$0.00 ,,,,,,ได้งาน
CC67-0087,สัญญาซื้อขายโครงการจัดหาระบบเฝ้าระวังและรับมือภัยคุกคามความปลอดภัยคอมพิวเตอร์ (SOC) ปีงบประมาณ พ.ศ. 2568,"$7,900,000.00 ",145/2568,18/02/2025 0:00,19/02/2025 0:00,19/07/2025 0:00,,ได้งาน/เซ็นสัญญาแล้ว
SA68-0040,HW-UTP CAt 6,"$80,000.00 ",,,,,,นำเสนอ/ติดตาม
PJ67-0035,ข้อมูลเกษตรกรเพื่อสนับสนุนการตัดสินใจในการผลิตข้าว,"$298,700.00 ",ใบสั่งจ้างเลขที่ ศสส.จ33/67,06/03/2024 0:00,07/03/2024 0:00,05/04/2024 0:00,,ได้งาน/เซ็นสัญญาแล้ว
AR68-0039,JOB DIPROM กสอ,$0.00 ,,,,,,นำเสนอ/ติดตาม
AP67-0056,Canva Team,$0.00 ,,,,,,นำเสนอ/ติดตาม
CC67-0111,งานจ้างทำเสื้อช่างพร้อมโลโก้กรมชลประทานสำหนับการประชุมประชาสัมพันธ์โครงการนอกสถานที่ ,"$19,260.00 ",เลขที่ใบสั่งจ้าง เอ็นที กบธ./283,21/02/2024 0:00,22/02/2024 0:00,15/03/2024 0:00,,ได้งาน/เซ็นสัญญาแล้ว
NT68-0011,งาน Research,$0.00 ,,,,,,ได้งาน
PJ67-0004,ครุภัณฑ์คอมพิวเตอร์ 68,"$14,541,000.00 ",69/2568,24/01/2025 0:00,25/01/2025 0:00,24/04/2025 0:00,,ได้งาน/เซ็นสัญญาแล้ว
SA67-0066,HW-Config Network +Migrate VM,"$197,950.00 ",680169,04/02/2025 0:00,05/02/2025 0:00,16/05/2025 0:00,,ได้งาน/เซ็นสัญญาแล้ว
PJ67-0099,ซ่อมอุปกรณ์สำหรับจัดเก็บข้อมูล,"$11,800.00 ",ใบสั่งจ้าเงลขที่ 275/2567,11/09/2024 0:00,12/09/2024 0:00,11/10/2024 0:00,,ได้งาน/เซ็นสัญญาแล้ว
AP67-0060,กล้องไชยยศ 3,$0.00 ,,,,,,นำเสนอ/ติดตาม
AR67-0014,AR67-0014_HW คอมพิวเตอร์ออกแบบ กสอ,"$2,070,000.00 ",,,,,,นำเสนอ/ติดตาม
CC67-0108,จ้างเหมาบริการระบบประชุมออนไลน์ผ่านเครือข่ายอินเตอร์เน็ตปี 2568 ,"$485,780.00 ",ใบสั่งจ้างเลขที่ ศสท.จ.14/2568,17/03/2025 0:00,01/04/2025 0:00,30/09/2025 0:00,,ได้งาน/เซ็นสัญญาแล้ว
AP67-0035, Adobe Creative Cloud 67,"$49,220.00 ",ใบสั่งเช่าเลขที่ 118/2567,04/03/2024 0:00,08/03/2024 0:00,08/03/2025 0:00,,ได้งาน/เซ็นสัญญาแล้ว
SA68-0019,MA_Warranty APC Smart UPS RT 10000VA  กลุ่มบริษัท ไทยอีสเทิร์น  ต้นปี 68,"$165,850.00 ",POD2501-0221,24/01/2025 0:00,24/01/2025 0:00,02/02/2026 0:00,,ได้งาน/เซ็นสัญญาแล้ว
AR68-0009,Dev_NSW กพร 68,$0.00 ,,,,,,นำเสนอ/ติดตาม
SA67-0014,HW-HDD External,"$146,055.00 ",ใบสั่งซื้อเลขที่ 3260000099,02/04/2025 0:00,03/04/2025 0:00,02/05/2025 0:00,,ได้งาน/เซ็นสัญญาแล้ว
CC67-0031,จ้างเหมาบริหารจัดการเครือข่ายสื่อสารข้อมูลและอินเทอร์เน็ต สำหรับให้บริการแก่ กรมการจัดหางาน ,"$9,565,800.00 ",ใบสั่งจ้างเลขที่ 3600006768,11/12/2024 0:00,01/10/2024 0:00,30/09/2025 0:00,,ได้งาน/เซ็นสัญญาแล้ว
AR68-0020,AD สผ 69,$0.00 ,,,,,,นำเสนอ/ติดตาม
SA68-0002,HW-ซ่อมบำรุงและเพิ่มประสิทธิภาพการให้บริการ งบปี 69,"$89,000,000.00 ",,,,,,นำเสนอ/ติดตาม
SA67-0049,HW - Fiber Patch Cord ,"$20,972.00 ",ใบสั่งซื้อ 3290000180,11/10/2024 0:00,12/10/2024 0:00,30/11/2024 0:00,,ได้งาน/เซ็นสัญญาแล้ว
AR68-0056,MA HCI Data Center Consolidate68,"$2,500,000.00 ",19/2568,09/04/2025 0:00,10/04/2025 0:00,03/02/2026 0:00,,ได้งาน/เซ็นสัญญาแล้ว
AP68-0056,เดินสายสองเส้น,"$6,420.00 ",อว 64.12/1376,19/03/2025 0:00,20/03/2025 0:00,18/04/2025 0:00,,ได้งาน/เซ็นสัญญาแล้ว
PJ67-0001,MA Network 68,"$11,950,000.00 ",43/2568,28/10/2024 0:00,29/10/2024 0:00,30/09/2025 0:00,,ได้งาน/เซ็นสัญญาแล้ว
AP67-0072,งานย่อย 2 อาชีว,$0.00 ,,,,,,นำเสนอ/ติดตาม
AR68-0006,HW_Mobile App กรมอุตุนิยมวิทยา,$0.00 ,,,,,,นำเสนอ/ติดตาม
SA67-0020,HW-Wiring & AP กองบริหารวิชาการ,"$183,184.00 ",3116002249,23/08/2024 0:00,22/08/2024 0:00,21/10/2024 0:00,,ได้งาน/เซ็นสัญญาแล้ว
AR68-0045,HW Printer สหกรณ์ กสอ,"$39,600.00 ",AR68-0045,04/03/2025 0:00,05/03/2025 0:00,05/04/2025 0:00,,ได้งาน
SA67-0039,เช่าเครื่องคอมพิวเตอร์ พร้อมการดูแลรักษา 250 เครื่อง กำหนดระยะเวลา 1 เดือน ตั้งแต่ 1-30 พฤศจิกายน 2567,"$4,081,000.00 ",ใบสั่งซื้อเลขที่ 13/68,29/10/2024 0:00,30/10/2024 0:00,30/11/2024 0:00,,ได้งาน/เซ็นสัญญาแล้ว
CC67-0078,งานปรับปรุงระบบเครือข่ายสายสัญญาณคอมพิวเตอร์ จำนวน 1 งาน ,"$42,800.00 ",ใบสั่งที่ 169/2567,11/06/2024 0:00,11/06/2024 0:00,10/07/2024 0:00,,ได้งาน/เซ็นสัญญาแล้ว
PJ67-0019,สัญญาจ้างโครงการจ้างจัดหาโปรแกรมบริหารจัดการสำนักงานเพื่อรองรับการปฏิบัติราชการที่รองรับชีวิตและการทำงานวิถีใหม่ในมกอช.  ,$0.00 ,Sep-68,08/01/2025 0:00,09/01/2025 0:00,07/02/2025 0:00,,ได้งาน/เซ็นสัญญาแล้ว
PJ68-0009,ซ่อม Printer Brother HL L6200dw,"$4,066.00 ",ใบเสนอราคาเลขที่ PJ68-0009,03/04/2025 0:00,03/04/2025 0:00,02/05/2025 0:00,,ได้งาน/เซ็นสัญญาแล้ว
NT68-0005,งานประชุมภายในบริษัท,$0.00 ,,,,,,ได้งาน
PJ67-0128,จัดทำและออกแบบโครงสร้างมาตรฐานข้อมูลคลังภาพ,"$450,000.00 ",ใบสั่งจ้างเลขที่ ศสส.จ23/68,25/12/2024 0:00,26/12/2024 0:00,24/01/2025 0:00,,ได้งาน/เซ็นสัญญาแล้ว
CC67-0088,งานจ้างเหมาระบบรักษาความปลอดภัยระบบเครือข่าย สำหรับให้บริการแก่สำนักงานคณะกรรมการกำกับกิจการพลังงาน,"$789,660.00 ",เลขที่ใบสั่งจ้าง 4600125025,04/09/2024 0:00,05/09/2024 0:00,30/04/2025 0:00,,ได้งาน/เซ็นสัญญาแล้ว
PJ67-0032,งานจ้างซ่อมแผงวงจรเครื่องคอมพิวเตอร์แม่ข่ายชนิด Blade ยี่ห้อ Dell รุ่น PowerEdge M630 Blade Server หมายเลขครุภัณฑ์ มกอช.5805-001-0008/006/59 (ศทส.) ,"$5,885.00 ",ใบสั่งจ้างเลขที่ 67/2567,28/02/2024 0:00,29/02/2024 0:00,29/03/2024 0:00,,ได้งาน/เซ็นสัญญาแล้ว
AR68-0048,HW ปรับปรุงเครือข่าย สอน,"$4,708,000.14 ",ใบสั่งซื้อเลขที่ PO25000065,21/04/2025 0:00,21/04/2025 0:00,20/06/2025 0:00,,ได้งาน/เซ็นสัญญาแล้ว
AR67-0013,HW ปรับปรุงระบบเครือข่ายกรมกิจการผู้สูงอายุ 68 (Network),"$3,796,000.00 ",,,,,,นำเสนอ/ติดตาม
DT68-0011,งาน Research,$0.00 ,,,,,,ได้งาน
AR68-0030,กล้องวงจรปิด กสอ,"$4,779,600.00 ",,,,,,นำเสนอ/ติดตาม
SA67-0003,Rent_NEDNet งบป 68,"$13,619,100.00 ",Sep-68,20/11/2024 0:00,01/10/2024 0:00,30/09/2025 0:00,,ได้งาน/เซ็นสัญญาแล้ว
AP68-0001,จ้างบำรุงรักษาอุปกรณ์สำรองไฟฟ้าสำหรับอุปกรณ์เครือข่าย จำนวน 1 งาน,"$90,000.00 ",ใบสั่งจ้างเลขที่ 68-023,22/10/2024 0:00,01/10/2024 0:00,30/09/2025 0:00,,ได้งาน/เซ็นสัญญาแล้ว
AP68-0008,MAระบบ OCPB ยื่นช่วย AIT,$0.00 ,,,,,,งานช่วย
SA68-0021,HW-Wiring UTP อักษร,"$122,204.70 ",3186000928,06/02/2025 0:00,07/02/2025 0:00,20/03/2025 0:00,,ได้งาน/เซ็นสัญญาแล้ว
TP68-0016,MA Firewall&Log,"$500,000.00 ",,,,,,นำเสนอ/ติดตาม
AR67-0075,SW_SQL กสอ,$0.00 ,,,,,,นำเสนอ/ติดตาม
CC67-0056,งานจ้างเหมาโครงการพัฒนาและปรับปรุงระบบคอมพิวเตอร์และเครือข่ายสารสนเทศ สำหรับให้บริการแก่เทศบาลนครปากเกร็ด,"$69,871.00 ",เอ็นที พสอ./249,02/10/2024 0:00,01/10/2024 0:00,30/09/2025 0:00,,ได้งาน/เซ็นสัญญาแล้ว
NT68-0001,ใช้ในสำนักงาน,$0.00 ,,,,,,ได้งาน
AP67-0005,จัดซื้อเครื่องคอมฯ ,"$7,000,000.00 ",,,,,,นำเสนอ/ติดตาม
AR68-0058,MA ระบบห้องประชุมวินิจฉัย 68 ศาล,"$1,200,000.00 ",,,,,,นำเสนอ/ติดตาม
SA68-0015,HW-HDD ไฟฟ้าราชบุรี,"$20,330.00 ",680020,03/01/2025 0:00,03/01/2025 0:00,21/02/2025 0:00,,ได้งาน/เซ็นสัญญาแล้ว
PJ67-0064,UPS APC,"$69,550.00 ",ใบสั่งซื้อเลขที่ PO24070195,15/07/2024 0:00,15/07/2024 0:00,13/08/2024 0:00,,ได้งาน/เซ็นสัญญาแล้ว
CC68-0016,MA_จ้างบำรุงรักษาระบบเทคโนโลยีสารสนเทศอาหารสัตว์ ตำบลบางกะดี อำเภอเมืองปทุมธานี จังหวัดปทุมธานี (ระยะที่ 2) ปีงบประมาณ 2568  ,"$261,800.00 ",สัญญาเลขที่ สอส.45/2568,31/03/2025 0:00,01/04/2025 0:00,30/09/2025 0:00,,ได้งาน/เซ็นสัญญาแล้ว
CC67-0110,สนับสนุนการแข่งขันกอล์ฟการกุศล สมาคมนักเรียนศิษย์เก่าสัตวแพทย์ กรมปศุสัตว์,"$30,000.00 ",ใบเสนอราคาเลขที่ CC67-0110,13/06/2024 0:00,13/06/2024 0:00,12/07/2024 0:00,,ได้งาน/เซ็นสัญญาแล้ว
AP68-0022,MA ระบบบริหารสัญญา 68,"$597,000.00 ",4106800018,14/02/2025 0:00,09/05/2025 0:00,08/05/2026 0:00,,ได้งาน/เซ็นสัญญาแล้ว
AR67-0018,Dev ระบบ Mobile Application PimD by DPIM กพร,"$3,000,000.00 ",,,,,,นำเสนอ/ติดตาม
AR67-0105,MA Firewall ปี 68,"$500,000.00 ",ใบสั่งซื้อ-ใบสั่งจ้าง เล่มที่ 22 เลขที่ 1,31/10/2024 0:00,01/11/2024 0:00,30/09/2025 0:00,,ได้งาน/เซ็นสัญญาแล้ว
SA68-0041,HW - AMS e-Office,"$450,000.00 ",18/2568,18/06/2025 0:00,18/06/2025 0:00,25/06/2025 0:00,,ได้งาน/เซ็นสัญญาแล้ว
AR68-0013,ของบ DIP WAF 69 กสอ,$0.00 ,,,,,,นำเสนอ/ติดตาม
AR67-0029,HW ครุภัณฑ์ 67 กสอ,"$9,666,662.00 ",Oct-67,11/06/2024 0:00,12/06/2024 0:00,09/10/2024 0:00,,จบงาน/ช่วงรับประกัน
AP68-0017,MA ระบบ ESPRel วช,"$300,000.00 ",ใบสั่งจ้าเลขที่ 171/2568,27/12/2024 0:00,27/12/2024 0:00,26/12/2025 0:00,,ได้งาน/เซ็นสัญญาแล้ว
AR67-0076,จ้างปรับคืนสภาพห้อง DATA CENTER ให้กับกรมพัฒนาสังคมและสวัสดิการ ,"$490,000.00 ",เล่มที่ 33 เลขที่ 8,27/09/2024 0:00,28/09/2024 0:00,12/10/2024 0:00,,ได้งาน/เซ็นสัญญาแล้ว
PJ67-0100,ซื้อวัสดุคอมพิวเตอร์ (ฮาร์ดดิสแบบพกพา) จำนวน 3 อัน ,"$8,346.00 ",ใบสั่งซื้อเลจที่ พอ.179/2567,05/09/2024 0:00,06/09/2024 0:00,05/10/2024 0:00,,ได้งาน/เซ็นสัญญาแล้ว
AR68-0003,จ้างบำรุงรักษาระบบเครือข่ายและครุภัณฑ์คอมพิวเตอร์ ประจำปีงบประมาณ พ.ศ.2568 ,"$4,499,000.00 ",ศส.1/2568,31/10/2024 0:00,01/11/2024 0:00,30/04/2025 0:00,,ได้งาน/เซ็นสัญญาแล้ว
SA68-0026,HW-Wiring UTP,"$26,322.00 ",3186000933,06/03/2025 0:00,06/03/2025 0:00,15/04/2025 0:00,,ได้งาน/เซ็นสัญญาแล้ว
NP68-0006,GoogleWorkspace,$0.00 ,,,,,,นำเสนอ/ติดตาม
NP68-0004,ชุดฝึกปฏิบัติการออกแบบระบบเครือข่าย (วท.ร้อยเอ็ด),"$300,000.00 ",PO2025-00026,24/04/2025 0:00,24/04/2025 0:00,22/06/2025 0:00,,ได้งาน/เซ็นสัญญาแล้ว
SJ67-0014,"HW_ระบบรักษาความปลอดภัยชั้น 9,10 และชั้น 11 อาคารสำนักงานปลัดกระทรวงพาณิชย์","$1,262,600.00 ",,,,,,นำเสนอ/ติดตาม
AR67-0023,HW DR-site สอน (งบกองทุน),$0.00 ,,,,,,นำเสนอ/ติดตาม
CC67-0052,งานจ้างเหมาจัดหาระบบเครือข่าย พร้อมระบบเก็บ Log และเครือข่ายไร้สายภายในสำนักงาน สำหรับให้บริการแก่ สำนักงานกองทุนฟื้นฟูและพัฒนาเกษตรกร,"$940,530.00 ",ใบสั่งจ้างเลขที่ 3600006762,11/12/2024 0:00,01/10/2024 0:00,30/09/2025 0:00,,ได้งาน/เซ็นสัญญาแล้ว
PJ67-0015,ครุภัณฑ์คอมพิวเตอร์ 68,$0.00 ,,,,,,นำเสนอ/ติดตาม
AR67-0017,Dev ระบบออกใบอนุญาตธุรกิจแร่ กพร,"$5,000,000.00 ",,,,,,นำเสนอ/ติดตาม
AR67-0101,HW ปรับปรุงเครื่องแม่ข่าย สอน,$0.00 ,,,,,,นำเสนอ/ติดตาม
AP67-0041,ระบบรายงานผู้เข้าร่วมประชุม,"$1,710,000.00 ",Oct-68,28/01/2025 0:00,29/01/2025 0:00,28/05/2025 0:00,,ได้งาน/เซ็นสัญญาแล้ว
AP68-0007,ต่ออายุ FortiGate 100F,"$99,510.00 ",ใบสั่งซื้อเลขที่ 23/2568,04/11/2024 0:00,05/11/2024 0:00,04/01/2025 0:00,,ได้งาน/เซ็นสัญญาแล้ว
SA67-0059,HW-TV LED เมืองทอง-เพชรบุรี,"$1,016,500.00 ",,,,,,นำเสนอ/ติดตาม
SA68-0020,HW-ป้องกันระบบกระแสไฟฟ้า,"$490,000.00 ",ใบสั่งจ้างเลขที่ 14/2568,09/04/2025 0:00,10/04/2025 0:00,21/04/2025 0:00,,ได้งาน/เซ็นสัญญาแล้ว
PJ67-0039,ครุภัณฑ์ โครงการสำรวจสถานภาพบ่อน้ำบาดาล สำนักสำรวจ (งบกองทุน),$0.00 ,,,,,,นำเสนอ/ติดตาม
CC67-0037,งานจัดจ้างอุปกรณ์ Pocket Wifi เพื่อให้บริการแก่สำนักเลขาธิการคณะรัฐมนตรี (สลค.) ,"$39,429.50 ",ใบสั่งจ้างเลขที่ 3600006782,01/11/2024 0:00,01/10/2024 0:00,30/09/2024 0:00,,ได้งาน/เซ็นสัญญาแล้ว
AP68-0032,เดินสาย 3 เส้น,"$14,445.00 ",อว.64.12/0830,17/02/2025 0:00,18/03/2025 0:00,18/03/2025 0:00,,ได้งาน/เซ็นสัญญาแล้ว
SJ67-0062,HW-กล้องวงจรปิด หอจดหมายเหตุ รi9,"$399,800.00 ",,,,,,นำเสนอ/ติดตาม
DT68-0005,งานประชุมภายในบริษัท,$0.00 ,,,,,,ได้งาน
AR68-0036,Dev กรอ 2,$0.00 ,,,,,,นำเสนอ/ติดตาม
AP68-0031,MA ห้องประชุมชั้น 2 สช,$0.00 ,,,,,,นำเสนอ/ติดตาม
AP68-0096,SSO บส,"$480,000.00 ",,,,,,นำเสนอ/ติดตาม
AR67-0053,จ้างพัฒนาระบบคลังข้อสอบดิจิทัล  สทศ,$0.00 ,,,,,,นำเสนอ/ติดตาม
AR68-0021,AR68-0021_Antivirut 69 กสอ,$0.00 ,,,,,,นำเสนอ/ติดตาม
AR67-0108,HW print+TV CDG,"$205,800.00 ",ใบสั่งซื้อเลขที่ บล24/2567,18/11/2024 0:00,28/09/2024 0:00,26/12/2024 0:00,,จบงาน/ช่วงรับประกัน
AR67-0040,HW ห้องประชุม ปตท รังสิต,"$670,000.00 ",,,,,,นำเสนอ/ติดตาม
CC67-0085,โครงการซื้อคอมพิวเตอร์ 343 เครื่อง,$0.00 ,,,,,,นำเสนอ/ติดตาม
AR67-0074,HW_ซ่อมปร้นเตอร์ กสอ,$0.00 ,,,,,,นำเสนอ/ติดตาม
TP67-0018,ครุภัณฑ์คอมพิวเตอร์งบ68,"$1,100,000.00 ",,,,,,นำเสนอ/ติดตาม
SA68-0009,HW-ระบบเครือข่ายสารสนเทศและระบบกระแสไฟฟ้า งบปี 69,"$60,000,000.00 ",,,,,,นำเสนอ/ติดตาม
PJ67-0076,วัสดุคอม 3 รายการ,"$8,560.00 ",ใบสั่งซื้อเลขที่ พอ.137/2567 ,07/08/2024 0:00,08/08/2024 0:00,09/08/2024 0:00,,ได้งาน/เซ็นสัญญาแล้ว
PJ67-0049,ตรวจสอบข้อมูลเกษตรกร,"$498,300.00 ",ศสส.จ68/67,21/06/2024 0:00,22/06/2024 0:00,21/07/2024 0:00,,ได้งาน/เซ็นสัญญาแล้ว
PJ67-0102,ย้ายฉากรับภาพ 200 นิ้ว จากอาคาร 4 ชั้น 2 ไปติดตั้งที่ห้องประชุม 511 อาคาร 5 ชั้น 1,"$17,120.00 ",ใบสั่งจ้างเลขที่ 302/2567,23/09/2024 0:00,24/09/2024 0:00,23/10/2024 0:00,,ได้งาน/เซ็นสัญญาแล้ว
PJ68-0019,จัดทำข้อมูลแปลงการทดสอบ,"$500,000.00 ",,,,,,รอเซ็นสัญญา
SA68-0013,HW-ภาระงานประจำ-1 งบปี 69,"$1,000,000.00 ",,,,,,นำเสนอ/ติดตาม
TP68-0010,Backup site ,"$4,500,000.00 ",,,,,,นำเสนอ/ติดตาม
SJ67-0006,HW_เช่าเครื่องคอมพิวเตอร์ All in One 400 เครือ่ง  ระยะ 3 ปี,"$12,000,000.00 ",,,,,,นำเสนอ/ติดตาม
SA68-0023,HW-AP for อาคารสถาปัตย์ นครปฐม,"$415,481.00 ",ใบสั่งซื้อเลขที่ 3260000102,28/05/2025 0:00,29/05/2025 0:00,28/06/2025 0:00,,ได้งาน/เซ็นสัญญาแล้ว
PJ67-0024,เช่ากล้องวงจรปิดปีที่2,"$499,989.60 ",ใบสั่งเช่าเลขที่ ศสส.ช2/68,24/10/2024 0:00,01/10/2024 0:00,30/09/2025 0:00,,ได้งาน/เซ็นสัญญาแล้ว
AP67-0058,เครื่องเสียงห้องเรียน,$0.00 ,,,,,,นำเสนอ/ติดตาม
SA68-0001,DEV-Credit Bank OVEC  งบปี 69,"$95,000,000.00 ",,,,,,นำเสนอ/ติดตาม
AP68-0009,Air,$0.00 ,,,,,,นำเสนอ/ติดตาม
AR68-0017,โครงการจ้างบริการบำรุงรักษาระบบให้บริการยื่นคำร้องขอใบอนุญาตและหนังสือรับรองสำหรับการส่งออกและนำเข้าน้ำตาลทราย จำนวน 1 โครงการ ,"$799,000.00 ",กยผ.06/03/2568,24/02/2025 0:00,25/02/2025 0:00,25/02/2026 0:00,,ได้งาน/เซ็นสัญญาแล้ว
SJ67-0050,MA_จ้างเหมาะปรับปรุงและบำรุงรักษาระบบฐานข้อมูลเอกสารโบราณ,"$498,800.00 ",45/2568,25/11/2024 0:00,01/10/2024 0:00,30/09/2025 0:00,,ได้งาน/เซ็นสัญญาแล้ว
NT68-0008,งานอื่นๆ,$0.00 ,,,,,,ได้งาน
AP68-0091,ปรับปรุง Web DFT,"$480,000.00 ",,,,,,นำเสนอ/ติดตาม
AR68-0063,HW ครุภัณฑ์คอมพิวเตอร์68 อคส,$0.00 ,,,,,,นำเสนอ/ติดตาม
AP67-0017,ต่ออายุ SSL TIJ,$0.00 ,,,,,,นำเสนอ/ติดตาม
TP67-0095,เปลี่ยนอะไหล่อุปกรณ์กล้องวงจรปิด,"$12,305.00 ",3116002491,06/12/2024 0:00,06/12/2024 0:00,06/12/2025 0:00,19/12/2025 0:00,ได้งาน/เซ็นสัญญาแล้ว
PJ67-0006,MA Network 68,$0.00 ,,,,,,นำเสนอ/ติดตาม
SA68-0042,ติดตั้งสายสัญญาณคอมพิวเตอร์แบบ Fiber Optic แบบที่ 2 จำนวน 1 งาน,"$238,824.00 ",ใบสั่งจ้างเลขที่ 16/2568,20/06/2025 0:00,21/06/2025 0:00,20/08/2025 0:00,,ได้งาน/เซ็นสัญญาแล้ว
PJ67-0030,ปรับปรุงข้อมูลคำแนะนำการผลิดตข้าว,$0.00 ,,,,,,นำเสนอ/ติดตาม
PJ67-0057,จ้างบำรุงรักษาและปรับปรุงประสิทธิภาพคอมพิวเตอร์ จำนวน 14 เครื่อง โครงการเพิ่มศักยภาพการเติมน้ำใต้ดินระดับตื้น ประจำปีงบประมาณ พ.ศ.2567,"$76,237.50 ",ใบสั่งจ้างเลขที่ 592/2567,22/08/2024 0:00,23/08/2024 0:00,21/09/2024 0:00,,ได้งาน/เซ็นสัญญาแล้ว
PJ67-0083,จอ LED outdoor,"$3,542,000.00 ",สัญญาเลขที่ ศสส.สซ1/68,26/11/2024 0:00,26/11/2024 0:00,22/03/2025 0:00,,ได้งาน/เซ็นสัญญาแล้ว
